Photon Energy,Absorption,Photon Energy,Absorption,Photon Energy,Absorption,Photon Energy,Absorption,Photon Energy,Absorption
eV,,eV,,eV,,eV,,eV,
,As Deposited,,Gd (3 nm),,Gd (7 nm),,Gd (20 nm),,Ta (20 nm) Annealed
910.20001221,0.00182562987787668,910.20001221,0.0011719268653755,910.20001221,-0.00131155033133877,910.20001221,-3.19165782636477E-4,910.20001221,0.0110941856689313
910.40002441,-0.00142817780103671,910.40002441,-8.2322541614201E-5,910.40002441,0.00116892628342351,910.40002441,-0.00101943867384534,910.40002441,0.00804133222885955
910.59997559,0.00275600937846888,910.59997559,7.96781809924009E-4,910.59997559,-5.53970999552843E-4,910.59997559,-1.22815964364549E-4,910.59997559,0.00603171927439225
910.79998779,0.00104464547752523,910.79998779,0.0013712902114098,910.79998779,8.39850062227285E-4,910.79998779,0.00286300241602033,910.79998779,0.00932806775973425
911,0.001384456908504,911,4.66442629100707E-4,911,0.00151093281914643,911,0.00214014165260723,911,0.00808931986191438
911.20001221,0.00220783587902217,911.20001221,5.75970497468994E-4,911.20001221,0.00215112777954808,911.20001221,0.00110509148931977,911.20001221,0.00513238847163215
911.40002441,0.00315607308151941,911.40002441,0.0016948753324826,911.40002441,8.08139778139433E-4,911.40002441,0.00284030552933321,911.40002441,0.00556762493375496
911.59997559,0.00358391893755076,911.59997559,0.00137018857489543,911.59997559,-3.76392338322566E-5,911.59997559,0.00260386179225083,911.59997559,0.00540376853848315
911.79998779,0.00300034704112332,911.79998779,0.00234076792580822,911.79998779,0.00380796415428118,911.79998779,0.00142518642702667,911.79998779,0.00113077869009566
912,0.00142462822503931,912,-3.06595199029509E-4,912,9.17526721180465E-4,912,0.00372165758025465,912,0.0142734596112315
912.20001221,0.00331147954116137,912.20001221,0.00106080953793367,912.20001221,0.00234062822001272,912.20001221,0.00142506267643587,912.20001221,0.00864239900308419
912.40002441,0.00443547533656989,912.40002441,9.71827952619724E-4,912.40002441,0.00271851588630783,912.40002441,0.00296230346752549,912.40002441,0.015530791567966
912.59997559,0.00289801006959331,912.59997559,0.00161416220932814,912.59997559,0.00150491282524778,912.59997559,0.00480476691322998,912.59997559,0.00870833728203605
912.79998779,0.00435723975042537,912.79998779,8.58641897510773E-4,912.79998779,0.00203404726211925,912.79998779,0.00633179824797958,912.79998779,0.0163768493113023
913,0.00285830804274484,913,0.00293637559301504,913,0.00240763255131456,913,0.00261043391262868,913,0.0109400453000567
913.20001221,0.00172851252302637,913.20001221,0.00338339700110327,913.20001221,0.00270360293682143,913.20001221,0.00403713105080841,913.20001221,0.0152485788668282
913.40002441,0.00365258516883077,913.40002441,0.00120948863993561,913.40002441,0.00300597518655118,913.40002441,0.00180384906721758,913.40002441,0.0144619763362438
913.59997559,0.00601584217601272,913.59997559,0.00381092127838905,913.59997559,0.0025606996020906,913.59997559,0.00253686854558477,913.59997559,0.0108166405459863
913.79998779,0.00299380343821463,913.79998779,0.00419725875208078,913.79998779,0.00304938713087345,913.79998779,0.00752646831198446,913.79998779,0.0151309179744022
914,0.00572331805769251,914,0.00226926759575718,914,0.00351896748492209,914,0.00414450801016544,914,0.0125068074387483
914.20001221,0.00438289372386922,914.20001221,0.00407280103032727,914.20001221,0.00410968437232423,914.20001221,0.00369008390883769,914.20001221,0.013103822809767
914.40002441,0.00487645204392654,914.40002441,0.00390044159268635,914.40002441,0.00292422992167463,914.40002441,0.00724289142059621,914.40002441,0.0207004127345086
914.59997559,0.00489214013192528,914.59997559,0.0037585176884525,914.59997559,0.00350145463462914,914.59997559,0.00508997300199986,914.59997559,0.0244457292593341
914.79998779,0.00790299938578093,914.79998779,0.00347898809621289,914.79998779,0.00416060544846218,914.79998779,0.0065196820960612,914.79998779,0.0104997028965678
915,0.00370682500898925,915,0.00484473948547916,915,0.00373321671230463,915,0.00580209177096189,915,0.0143390529138721
915.20001221,0.00482834330793351,915.20001221,0.00333656021863341,915.20001221,0.00448336383144247,915.20001221,0.00673684650048687,915.20001221,0.0173331441132464
915.40002441,0.00842428493006657,915.40002441,0.00448418471669889,915.40002441,0.00634189952040433,915.40002441,0.0063646180036223,915.40002441,0.0286920403224753
915.59997559,0.0066478420552581,915.59997559,0.00434554532090104,915.59997559,0.00654835908689039,915.59997559,0.00771321497151482,915.59997559,0.0154212303292764
915.79998779,0.00745896666325715,915.79998779,0.00547966602807317,915.79998779,0.00430388546067732,915.79998779,0.00652916688521005,915.79998779,0.0194967603947575
916,0.00845374800974155,916,0.00667131392953764,916,0.00580402867631665,916,0.00454551279273973,916,0.0187466740792921
916.20001221,0.00709060638404865,916.20001221,0.00624614319060622,916.20001221,0.0071685388264642,916.20001221,0.00676327837528053,916.20001221,0.0201535325689773
916.40002441,0.00674443678425566,916.40002441,0.00575097912034616,916.40002441,0.00543686627731908,916.40002441,0.00662529400630538,916.40002441,0.0253178955768444
916.59997559,0.00679860536262969,916.59997559,0.00612885649208779,916.59997559,0.00659564013181053,916.59997559,0.00697025472134793,916.59997559,0.0275642023932113
916.79998779,0.00860151485637051,916.79998779,0.00640450380861371,916.79998779,0.00677929756651969,916.79998779,0.00672427675898573,916.79998779,0.0272928162600133
917,0.00742462365488458,917,0.00754936352510553,917,0.00659805185485255,917,0.00716720015575508,917,0.034762126106012
917.20001221,0.00996091685099062,917.20001221,0.00643432891622211,917.20001221,0.00724331947378909,917.20001221,0.00629614093277,917.20001221,0.0322622626135621
917.40002441,0.00744078741184945,917.40002441,0.00898240186328655,917.40002441,0.00518612869883364,917.40002441,0.00616351542775865,917.40002441,0.025470305132051
917.59997559,0.00859827084097756,917.59997559,0.00645742408819264,917.59997559,0.00811175438756424,917.59997559,0.00730836747374134,917.59997559,0.0337365243565472
917.79998779,0.00930790683931834,917.79998779,0.00772295290095055,917.79998779,0.0092125337897643,917.79998779,0.00860918361580438,917.79998779,0.0203933822259631
918,0.00836403553740524,918,0.00648358077292008,918,0.00815576305170775,918,0.00823883381121592,918,0.0212105813128445
918.20001221,0.00783269329311883,918.20001221,0.00913466679074393,918.20001221,0.00756383866227728,918.20001221,0.00790099149664573,918.20001221,0.0260993054067228
918.40002441,0.0116141902010952,918.40002441,0.00891243999474962,918.40002441,0.00789577823662684,918.40002441,0.00585803769812164,918.40002441,0.018565730884282
918.59997559,0.0113871736698738,918.59997559,0.00858221821005352,918.59997559,0.0085925911144487,918.59997559,0.0119216197886398,918.59997559,0.0327332124737827
918.79998779,0.0105589440666151,918.79998779,0.00847876139246947,918.79998779,0.00906391818160603,918.79998779,0.00786931439857477,918.79998779,0.02565143199481
919,0.0108164923033582,919,0.00949987003195927,919,0.00916706189806473,919,0.00706200372845477,919,0.0334270186233769
919.20001221,0.0115842743333918,919.20001221,0.00888300615920067,919.20001221,0.00884658556449974,919.20001221,0.00899125581165032,919.20001221,0.0297812938497416
919.40002441,0.00945481292037814,919.40002441,0.0100757402877027,919.40002441,0.00896514054992068,919.40002441,0.0115751101078106,919.40002441,0.0330050119795693
919.59997559,0.00977191663599601,919.59997559,0.00975040243201337,919.59997559,0.0091318586877472,919.59997559,0.0122002212242908,919.59997559,0.034785432674648
919.79998779,0.00881072506486995,919.79998779,0.00913834396469227,919.79998779,0.0109817992905731,919.79998779,0.0106060370890469,919.79998779,0.0411190063856462
920,0.0103580463633937,920,0.0107124339893075,920,0.010128080137565,920,0.0105167745760425,920,0.0325374717225316
920.20001221,0.0122009406432784,920.20001221,0.0112115029022891,920.20001221,0.00933113964010764,920.20001221,0.00926200600702429,920.20001221,0.0324371501097021
920.40002441,0.0122722815487147,920.40002441,0.00995217805080896,920.40002441,0.0117502055202658,920.40002441,0.0121607076366558,920.40002441,0.0354589964152422
920.59997559,0.0127154535179866,920.59997559,0.0125413263062924,920.59997559,0.00938917457190657,920.59997559,0.0125228841194531,920.59997559,0.0363206465083364
920.79998779,0.0128872450319457,920.79998779,0.0112783850925704,920.79998779,0.0134562754695994,920.79998779,0.0128490444937595,920.79998779,0.0358234902747437
921,0.011795621742433,921,0.0125984607064947,921,0.0112210983149268,921,0.0130924584766627,921,0.0367963027385616
921.20001221,0.0167030953410353,921.20001221,0.0126133416609205,921.20001221,0.0103741447957612,921.20001221,0.0144327599250248,921.20001221,0.0328637133524535
921.40002441,0.0157446908670342,921.40002441,0.012027885911683,921.40002441,0.0127030003200274,921.40002441,0.0129153256415703,921.40002441,0.0437042275050512
921.59997559,0.0165165674915692,921.59997559,0.0133537019031888,921.59997559,0.012629565233508,921.59997559,0.0137319240259939,921.59997559,0.0374838958677195
921.79998779,0.0160817660665446,921.79998779,0.0125998824019145,921.79998779,0.0116700192030234,921.79998779,0.0115669635326938,921.79998779,0.0387491389925177
922,0.0153685702590235,922,0.0144054796479,922,0.0132521065934692,922,0.0157116175662222,922,0.041215222025588
922.20001221,0.0172789904789979,922.20001221,0.0138467935092832,922.20001221,0.0134262151350912,922.20001221,0.0159243359140719,922.20001221,0.0414856424208893
922.40002441,0.0169638683783197,922.40002441,0.0138211014164728,922.40002441,0.0153579989204831,922.40002441,0.01445680136371,922.40002441,0.0396979492507603
922.59997559,0.0170823756938224,922.59997559,0.0147945648236984,922.59997559,0.0120929431340975,922.59997559,0.0154591617091121,922.59997559,0.0426253458137787
922.79998779,0.016048707404219,922.79998779,0.016231608566747,922.79998779,0.0139139969932616,922.79998779,0.0153164899473901,922.79998779,0.0357544421456569
923,0.0202585687260319,923,0.0171347918931768,923,0.0151877574900746,923,0.0185659945334703,923,0.0415880100732187
923.20001221,0.0183729866907171,923.20001221,0.0161825865716665,923.20001221,0.0143553199591901,923.20001221,0.0190415782878448,923.20001221,0.0409423078352677
923.40002441,0.0169604927327452,923.40002441,0.0182921241594647,923.40002441,0.0151538490652853,923.40002441,0.0170505143023177,923.40002441,0.0471476473318885
923.59997559,0.0228307974605949,923.59997559,0.0180641518971872,923.59997559,0.0171868510076939,923.59997559,0.0161238559394202,923.59997559,0.0419041866386738
923.79998779,0.0193439572861253,923.79998779,0.0184657386158105,923.79998779,0.0178513276229043,923.79998779,0.0190045162518863,923.79998779,0.0506369132719878
924,0.019771719453358,924,0.0202263607528419,924,0.0189554823447148,924,0.0177379192793399,924,0.04881245308515
924.20001221,0.02078714022408,924.20001221,0.0206116421949794,924.20001221,0.0195598836516944,924.20001221,0.017572013805896,924.20001221,0.0495045944770869
924.40002441,0.0236153594155091,924.40002441,0.0206198832383851,924.40002441,0.019586820678351,924.40002441,0.0210782609633213,924.40002441,0.0492265308214579
924.59997559,0.024942009785883,924.59997559,0.0208905019560335,924.59997559,0.0182105824537636,924.59997559,0.0223500935996267,924.59997559,0.0582986214104196
924.79998779,0.0225210387552452,924.79998779,0.024324824122309,924.79998779,0.0207041543415242,924.79998779,0.0222415833430257,924.79998779,0.0490878091776626
925,0.0268987778148068,925,0.0216149245318496,925,0.0210362205123782,925,0.0215205316546153,925,0.0484962343055027
925.20001221,0.0231413353502179,925.20001221,0.0229504775647422,925.20001221,0.0199714152865577,925.20001221,0.0243280973607901,925.20001221,0.0539660558205694
925.40002441,0.0258660161185334,925.40002441,0.0247889775782136,925.40002441,0.0218909288747823,925.40002441,0.0215921712291738,925.40002441,0.049470481377923
925.59997559,0.026710726544694,925.59997559,0.0250514237785287,925.59997559,0.0247846332222768,925.59997559,0.0236396899947945,925.59997559,0.0586123072033927
925.79998779,0.0265042595245558,925.79998779,0.0261453167043944,925.79998779,0.0225837280014252,925.79998779,0.0253620086190981,925.79998779,0.0476024212772722
926,0.0309942825453902,926,0.0290916597703311,926,0.0263158741368801,926,0.0267230022909855,926,0.0568787069739825
926.20001221,0.0308716561239557,926.20001221,0.0285672412478262,926.20001221,0.026904175417935,926.20001221,0.0276658499438903,926.20001221,0.0613624448795852
926.40002441,0.0320720946041148,926.40002441,0.0301920738035176,926.40002441,0.0281082595593955,926.40002441,0.0290587269377973,926.40002441,0.0545726893842339
926.59997559,0.0327272910230932,926.59997559,0.0320607653964687,926.59997559,0.0286946909834843,926.59997559,0.0300258969617176,926.59997559,0.0561713287023975
926.79998779,0.036192262059397,926.79998779,0.0346169772517464,926.79998779,0.0318593979768401,926.79998779,0.0294743762645945,926.79998779,0.0547430907073789
927,0.035173548341956,927,0.0355375479091188,927,0.0315693783311211,927,0.0341559146764289,927,0.0542113709281471
927.20001221,0.0385569611859401,927.20001221,0.0376814080883825,927.20001221,0.033752629750075,927.20001221,0.0354561934690128,927.20001221,0.0652708231626941
927.40002441,0.0406780004108017,927.40002441,0.0408086079188096,927.40002441,0.036275473310818,927.40002441,0.0399535473453368,927.40002441,0.0652193742513205
927.59997559,0.0418545853733491,927.59997559,0.0407817206472127,927.59997559,0.0382545616922038,927.59997559,0.0406010492657358,927.59997559,0.0662415645213249
927.79998779,0.0452203947638179,927.79998779,0.0449595745717478,927.79998779,0.0411497896125173,927.79998779,0.0421905424593868,927.79998779,0.0745993542713691
928,0.0474698794918177,928,0.0482293283660013,928,0.0441128413042252,928,0.0463229945310824,928,0.0720516340690773
928.20001221,0.0526670449773037,928.20001221,0.053280448044129,928.20001221,0.0472414159601981,928.20001221,0.0507780606875749,928.20001221,0.0813117053087968
928.40002441,0.0535949239625576,928.40002441,0.0563309791042439,928.40002441,0.0506443981895193,928.40002441,0.0539573581929607,928.40002441,0.0780320175013145
928.59997559,0.0562504792558869,928.59997559,0.0610332050416888,928.59997559,0.0553757647126772,928.59997559,0.0597799025752782,928.59997559,0.0846247767001278
928.79998779,0.0633594326413283,928.79998779,0.0673279147799866,928.79998779,0.0604942334012651,928.79998779,0.0673414800612714,928.79998779,0.0875743082297589
929,0.0705898148289976,929,0.075548927698467,929,0.0692894201368549,929,0.0750325112335613,929,0.0818840353807593
929.20001221,0.0761654145530256,929.20001221,0.0842728323019093,929.20001221,0.0750443989836843,929.20001221,0.0846406587659689,929.20001221,0.09431150288514
929.40002441,0.0839565805455031,929.40002441,0.0969141468127383,929.40002441,0.0859126642538142,929.40002441,0.0952995272226933,929.40002441,0.106537204644927
929.59997559,0.0997835845912216,929.59997559,0.111008234084741,929.59997559,0.100054682155306,929.59997559,0.113383854279268,929.59997559,0.127574319068091
929.79998779,0.114391300909507,929.79998779,0.128746593200751,929.79998779,0.120060519610931,929.79998779,0.13690902143949,929.79998779,0.136151560874509
930,0.136941905451401,930,0.155035107711759,930,0.142851352249041,930,0.172605941289833,930,0.15971058097661
930.20001221,0.172135785002843,930.20001221,0.194652070063095,930.20001221,0.17885835990596,930.20001221,0.223075072961851,930.20001221,0.200415438840757
930.40002441,0.219034034173841,930.40002441,0.245506550320901,930.40002441,0.231749798191856,930.40002441,0.308684035380687,930.40002441,0.256109687688198
930.59997559,0.289001228048593,930.59997559,0.325419831925669,930.59997559,0.31153366588129,930.59997559,0.431423338842301,930.59997559,0.359965761474614
930.79998779,0.393846577524964,930.79998779,0.443903756632117,930.79998779,0.428191108098392,930.79998779,0.611544590532636,930.79998779,0.487673731637346
931,0.553507287017125,931,0.619304150520747,931,0.598695464333389,931,0.812460626438045,931,0.678131078033279
931.20001221,0.728801783729814,931.20001221,0.807152704405334,931.20001221,0.776782081324672,931.20001221,0.960569937931726,931.20001221,0.854711138480913
931.40002441,0.903898244541944,931.40002441,0.948336187068259,931.40002441,0.937446668418167,931.40002441,1,931.40002441,0.986472305399057
931.59997559,0.996739590658746,931.59997559,1,931.59997559,1,931.59997559,0.90516490496114,931.59997559,0.994621616832279
931.79998779,0.999080224899464,931.79998779,0.968037241348033,931.79998779,0.955528921952699,931.79998779,0.740680138345524,931.79998779,0.839333114318436
932,0.936530416368967,932,0.87748290629618,932,0.833604558924095,932,0.5664158006229,932,0.642074864234704
932.20001221,0.858408412846643,932.20001221,0.775857751550953,932.20001221,0.712584703411526,932.20001221,0.420412729040084,932.20001221,0.491354369318279
932.40002441,0.778829748914213,932.40002441,0.679527613227497,932.40002441,0.602368939125436,932.40002441,0.330658861516017,932.40002441,0.409076676732048
932.59997559,0.709129087044034,932.59997559,0.611415212729824,932.59997559,0.521085122502323,932.59997559,0.270875031403254,932.59997559,0.402616290671852
932.79998779,0.661943339197758,932.79998779,0.571158513785963,932.79998779,0.475721150275399,932.79998779,0.242940489845006,932.79998779,0.410608931229037
933,0.636849205126006,933,0.543826687247352,933,0.445641317402239,933,0.238668850363957,933,0.440088638377466
933.20001221,0.606212277246262,933.20001221,0.510906738916835,933.20001221,0.422978284681862,933.20001221,0.251693941934328,933.20001221,0.486002637820093
933.40002441,0.549268502424421,933.40002441,0.461697010493983,933.40002441,0.392738613423091,933.40002441,0.285233253155182,933.40002441,0.557133891749323
933.59997559,0.478207936330518,933.59997559,0.402637773394208,933.59997559,0.360137732982667,933.59997559,0.320825922808431,933.59997559,0.640835140961336
933.79998779,0.417732298843748,933.79998779,0.348933936637835,933.79998779,0.328978283625093,933.79998779,0.342621757317096,933.79998779,0.749997326138471
934,0.357148607584321,934,0.304499185034866,934,0.313696806644651,934,0.355133210924517,934,0.847640715420871
934.20001221,0.30638082324452,934.20001221,0.27085681196938,934.20001221,0.303144204741623,934.20001221,0.355908177569086,934.20001221,0.944187883040492
934.40002441,0.27339457427943,934.40002441,0.245523067306864,934.40002441,0.293706288783662,934.40002441,0.340247838229979,934.40002441,0.984096733129237
934.59997559,0.241453517410804,934.59997559,0.220370521445652,934.59997559,0.277399248629913,934.59997559,0.308152116801783,934.59997559,0.942491039996001
934.79998779,0.223093963487287,934.79998779,0.203884562295517,934.79998779,0.254917776805236,934.79998779,0.277856304393212,934.79998779,0.831805648595619
935,0.210879162712803,935,0.192256313072768,935,0.234779448630775,935,0.253656066481943,935,0.726722614677296
935.20001221,0.200878714096928,935.20001221,0.185861349894135,935.20001221,0.225825033475583,935.20001221,0.243545488089543,935.20001221,0.63849934229127
935.40002441,0.201339676615675,935.40002441,0.184496953079389,935.40002441,0.222134912157402,935.40002441,0.23824291269547,935.40002441,0.590578188273765
935.59997559,0.206646623405632,935.59997559,0.187756489845467,935.59997559,0.226955744215818,935.59997559,0.239732094923869,935.59997559,0.556167129213623
935.79998779,0.213120320615159,935.79998779,0.193661085139263,935.79998779,0.233368510405162,935.79998779,0.240143366392494,935.79998779,0.551598067142862
936,0.224209435818012,936,0.200658272773528,936,0.239438052482015,936,0.242155195194148,936,0.532010936561831
936.20001221,0.234202075809003,936.20001221,0.208211872211838,936.20001221,0.247608043757937,936.20001221,0.24477605736473,936.20001221,0.53202879371898
936.40002441,0.244911488456898,936.40002441,0.213550270934761,936.40002441,0.254200756716105,936.40002441,0.248383739765004,936.40002441,0.513939562411911
936.59997559,0.253584005580241,936.59997559,0.216842217618409,936.59997559,0.261985645353972,936.59997559,0.248349420876698,936.59997559,0.504956527946144
936.79998779,0.256769750340205,936.79998779,0.219200217228491,936.79998779,0.259268274417621,936.79998779,0.253224196575022,936.79998779,0.502496046747151
937,0.2572300882318,937,0.217605412861764,937,0.261189654802624,937,0.256569051080526,937,0.491418819666052
937.20001221,0.255329315637896,937.20001221,0.215819854357968,937.20001221,0.258871100735204,937.20001221,0.255281561099857,937.20001221,0.484401464414816
937.40002441,0.254681604600083,937.40002441,0.214578800776291,937.40002441,0.259971561935818,937.40002441,0.260474281815812,937.40002441,0.465685453542715
937.59997559,0.252436500951256,937.59997559,0.21328322784906,937.59997559,0.260563971819647,937.59997559,0.262519029207292,937.59997559,0.469272492638284
937.79998779,0.248298032606686,937.79998779,0.2115089577294,937.79998779,0.259921187258046,937.79998779,0.266696424960722,937.79998779,0.468763277318538
938,0.245561000457362,938,0.211560634524111,938,0.259869489272218,938,0.264014425074278,938,0.454917393052921
938.20001221,0.245639993773489,938.20001221,0.211851715343169,938.20001221,0.26274727257583,938.20001221,0.266933588775391,938.20001221,0.445496022871088
938.40002441,0.247201776779264,938.40002441,0.214184980708521,938.40002441,0.264726326890297,938.40002441,0.265867368187859,938.40002441,0.442125394795151
938.59997559,0.248791498461936,938.59997559,0.21330995611496,938.59997559,0.264383648762208,938.59997559,0.273942980442494,938.59997559,0.443467290131308
938.79998779,0.24914385123673,938.79998779,0.216045388785636,938.79998779,0.266252573174889,938.79998779,0.269354484862666,938.79998779,0.441021335632545
939,0.25185199316135,939,0.216319948401389,939,0.266535279562628,939,0.270117303301681,939,0.444998064676906
939.20001221,0.247557078319712,939.20001221,0.216349630042254,939.20001221,0.266251275093662,939.20001221,0.267271646748096,939.20001221,0.444276212871824
939.40002441,0.248896809794332,939.40002441,0.21585305790357,939.40002441,0.263583080346112,939.40002441,0.262341541496525,939.40002441,0.442740168129627
939.59997559,0.251730467646457,939.59997559,0.214402055457915,939.59997559,0.258658904305796,939.59997559,0.256030897659856,939.59997559,0.43760963357445
939.79998779,0.247147878492591,939.79998779,0.211425825686245,939.79998779,0.25611085130449,939.79998779,0.253317312202909,939.79998779,0.439408552844836
940,0.247409324893754,940,0.209105995089268,940,0.24930990927149,940,0.246327339165861,940,0.436641192756461
940.20001221,0.239668990759411,940.20001221,0.205624959870072,940.20001221,0.245939137494551,940.20001221,0.244584568278713,940.20001221,0.43333714426455
940.40002441,0.238408058769612,940.40002441,0.199974362204029,940.40002441,0.239013657516666,940.40002441,0.239015908939201,940.40002441,0.435260283366173
940.59997559,0.231513009024503,940.59997559,0.196486478518879,940.59997559,0.234256762650777,940.59997559,0.235248498479959,940.59997559,0.432815029123987
940.79998779,0.229630379360725,940.79998779,0.193959996283881,940.79998779,0.22911178172883,940.79998779,0.230133054642535,940.79998779,0.433716013977145
941,0.227428602658892,941,0.18971386477879,941,0.226615513789553,941,0.231473166917007,941,0.420874776455468
941.20001221,0.226033785981431,941.20001221,0.190040520676358,941.20001221,0.226025600464903,941.20001221,0.229891270900014,941.20001221,0.436910757258924
941.40002441,0.221654496868328,941.40002441,0.188326241736785,941.40002441,0.226689388873523,941.40002441,0.230054273593087,941.40002441,0.430827238041471
941.59997559,0.225675598266314,941.59997559,0.18796576996801,941.59997559,0.224821874852201,941.59997559,0.229731974492046,941.59997559,0.423232671908311
941.79998779,0.225130414051996,941.79998779,0.190542757464136,941.79998779,0.225886495715104,941.79998779,0.228018582485993,941.79998779,0.434995284414546
942,0.225903364524317,942,0.192252479584287,942,0.226300905537371,942,0.232063306845003,942,0.444069023490639
942.20001221,0.228579670122335,942.20001221,0.195449768976252,942.20001221,0.230327739190064,942.20001221,0.234365584235639,942.20001221,0.441041996902418
942.40002441,0.23437142524236,942.40002441,0.202123829530811,942.40002441,0.235020088078783,942.40002441,0.236103552850562,942.40002441,0.44322289078913
942.59997559,0.24304373929279,942.59997559,0.206528986829205,942.59997559,0.239924403739082,942.59997559,0.239703345302965,942.59997559,0.446569353434353
942.79998779,0.247688373196196,942.79998779,0.214169804153815,942.79998779,0.245072329629785,942.79998779,0.241643045243689,942.79998779,0.441208940150645
943,0.252341066349109,943,0.21872268175317,943,0.251051033415624,943,0.24580744141132,943,0.438855010471788
943.20001221,0.259615036843871,943.20001221,0.220756663295902,943.20001221,0.253692251583582,943.20001221,0.245977090271228,943.20001221,0.452347077883214
943.40002441,0.259116583355536,943.40002441,0.220985217501154,943.40002441,0.254742123808563,943.40002441,0.250828387506275,943.40002441,0.440512493057788
943.59997559,0.258090198667776,943.59997559,0.221481618609489,943.59997559,0.258844834940916,943.59997559,0.250626395728353,943.59997559,0.455906684073892
943.79998779,0.259778094031329,943.79998779,0.221247024804898,943.79998779,0.258755809509348,943.79998779,0.253510376156737,943.79998779,0.453059263932429
944,0.258103284424088,944,0.22123098642751,944,0.259487182557656,944,0.259448196261962,944,0.454554312352202
944.20001221,0.257258612675116,944.20001221,0.223283740970084,944.20001221,0.262267625551254,944.20001221,0.260598876277253,944.20001221,0.456530890402227
944.40002441,0.257456263846372,944.40002441,0.224354441825873,944.40002441,0.26181233803221,944.40002441,0.264228088353492,944.40002441,0.456509804710392
944.59997559,0.257317432069212,944.59997559,0.225637613536935,944.59997559,0.264288140049002,944.59997559,0.264176180403511,944.59997559,0.460090542780221
944.79998779,0.255719126687775,944.79998779,0.22719965413443,944.79998779,0.266293635000625,944.79998779,0.269898726101042,944.79998779,0.459914527613567
945,0.25919589797814,945,0.23063081282573,945,0.269658664780821,945,0.272467861280619,945,0.465116579787609
945.20001221,0.263425719159916,945.20001221,0.230096292701572,945.20001221,0.272700652095536,945.20001221,0.275719765697075,945.20001221,0.470473625129367
945.40002441,0.262848545940855,945.40002441,0.232173576654428,945.40002441,0.272863068950366,945.40002441,0.281010757083363,945.40002441,0.461967996196792
945.59997559,0.259909594923234,945.59997559,0.234885402279513,945.59997559,0.276802398788768,945.59997559,0.283842466926141,945.59997559,0.470839994132717
945.79998779,0.268687654108474,945.79998779,0.23874963778822,945.79998779,0.281175060345649,945.79998779,0.288678130739508,945.79998779,0.477479433230764
946,0.273034885078486,946,0.243647815518487,946,0.286755388490665,946,0.293395752148518,946,0.476231916558588
946.20001221,0.278409121649748,946.20001221,0.244939247380262,946.20001221,0.288885499537805,946.20001221,0.297019933391648,946.20001221,0.474826962220328
946.40002441,0.280470093535604,946.40002441,0.246678099947809,946.40002441,0.290415985912757,946.40002441,0.29788596688491,946.40002441,0.489869793909679
946.59997559,0.285814859108369,946.59997559,0.247037249513617,946.59997559,0.289173622375098,946.59997559,0.300361995738829,946.59997559,0.481243900485714
946.79998779,0.281176261096677,946.79998779,0.247415491761525,946.79998779,0.288378137906385,946.79998779,0.298300741795446,946.79998779,0.48884966694557
947,0.281275442101469,947,0.246092338538765,947,0.286090755031715,947,0.294058692885183,947,0.501023394369334
947.20001221,0.278287705400453,947.20001221,0.243228234804257,947.20001221,0.284516637303605,947.20001221,0.293778381467098,947.20001221,0.496169228537233
947.40002441,0.273933438716544,947.40002441,0.242547610657728,947.40002441,0.282039026219214,947.40002441,0.293464963516998,947.40002441,0.515715646715413
947.59997559,0.275302671520278,947.59997559,0.241156994880643,947.59997559,0.281710529569164,947.59997559,0.290986339169742,947.59997559,0.521845958113835
947.79998779,0.273489142609888,947.79998779,0.241119118586484,947.79998779,0.28248925090429,947.79998779,0.295278678664588,947.79998779,0.516876562684819
948,0.272705319421185,948,0.242000007917454,948,0.281955971222129,948,0.294651134202772,948,0.530739190191976
948.20001221,0.271763923995475,948.20001221,0.244499969165067,948.20001221,0.285113193498888,948.20001221,0.298276918734451,948.20001221,0.541639060453791
948.40002441,0.273823813748849,948.40002441,0.245913412819037,948.40002441,0.288200459277433,948.40002441,0.300338982235617,948.40002441,0.541012967281092
948.59997559,0.273727717660026,948.59997559,0.247918068399257,948.59997559,0.287586842876443,948.59997559,0.306861940186163,948.59997559,0.545196489672033
948.79998779,0.276445259669306,948.79998779,0.252948249720295,948.79998779,0.293314908327034,948.79998779,0.30718068940756,948.79998779,0.548507581070627
949,0.282572814482091,949,0.256768428076591,949,0.298596927094226,949,0.314759786127474,949,0.544618803138174
949.20001221,0.286301949492,949.20001221,0.263170492174244,949.20001221,0.302458853600909,949.20001221,0.32057139597535,949.20001221,0.556789707737917
949.40002441,0.295697664643646,949.40002441,0.267909539006812,949.40002441,0.310547954757963,949.40002441,0.324966461696643,949.40002441,0.555858092309648
949.59997559,0.301237550007669,949.59997559,0.275410284435598,949.59997559,0.317901266953074,949.59997559,0.336868189340101,949.59997559,0.564821829212848
949.79998779,0.312901379015277,949.79998779,0.286917146272834,949.79998779,0.32953453731455,949.79998779,0.346120159145445,949.79998779,0.589253588878311
950,0.321111515827966,950,0.297961992087376,950,0.340811839836288,950,0.364774513972895,950,0.585452899072887
950.20001221,0.341282063403059,950.20001221,0.314118817011984,950.20001221,0.35682488248051,950.20001221,0.387216688956215,950.20001221,0.600589975026581
950.40002441,0.358277685139601,950.40002441,0.337794328674858,950.40002441,0.383121746540843,950.40002441,0.422303426587924,950.40002441,0.615811516975412
950.59997559,0.383951065361007,950.59997559,0.373966482163832,950.59997559,0.419420356239284,950.59997559,0.476157600330238,950.59997559,0.657710339871664
950.79998779,0.429835398511487,950.79998779,0.42031915802342,950.79998779,0.467928684133302,950.79998779,0.539632460812529,950.79998779,0.697263927621296
951,0.489994731972658,951,0.486267386403537,951,0.534096471741869,951,0.61230840698546,951,0.747455766264035
951.20001221,0.553436106706522,951.20001221,0.546050626439144,951.20001221,0.60405366374479,951.20001221,0.661999772043006,951.20001221,0.795868315735032
951.40002441,0.610010336550446,951.40002441,0.59700200021623,951.40002441,0.66106482060431,951.40002441,0.679160556545114,951.40002441,0.827142658433152
951.59997559,0.650456125740652,951.59997559,0.620839018968584,951.59997559,0.682814167935823,951.59997559,0.651768075048417,951.59997559,0.846727981372951
951.79998779,0.656634900990793,951.79998779,0.611213609658388,951.79998779,0.666062910807395,951.79998779,0.595843998694099,951.79998779,0.81326387861942
952,0.646634205787496,952,0.585621286265091,952,0.632617552279774,952,0.544684171014253,952,0.785116449657204
952.20001221,0.625372674079561,952.20001221,0.558455390182703,952.20001221,0.593230481775074,952.20001221,0.500044738641791,952.20001221,0.735713670143201
952.40002441,0.60818795231914,952.40002441,0.534380374567615,952.40002441,0.565203875021084,952.40002441,0.466897993719341,952.40002441,0.719849930788099
952.59997559,0.591884045366052,952.59997559,0.522997569809884,952.59997559,0.543137988221424,952.59997559,0.45059009520438,952.59997559,0.699230346233762
952.79998779,0.587377676851187,952.79998779,0.509889234609758,952.79998779,0.529523026374635,952.79998779,0.441533480455893,952.79998779,0.718225284773142
953,0.571001150488866,953,0.50069346202081,953,0.523050983701532,953,0.442408480933965,953,0.729973468061033
953.20001221,0.562495946830419,953.20001221,0.487955362687567,953.20001221,0.513402796251964,953.20001221,0.4483683808099,953.20001221,0.759622868183488
953.40002441,0.546303662378409,953.40002441,0.473863399039434,953.40002441,0.503085278973106,953.40002441,0.457596601209376,953.40002441,0.78864329876382
953.59997559,0.524505778550994,953.59997559,0.458031848211282,953.59997559,0.493392846831655,953.59997559,0.464604199925761,953.59997559,0.828170425552773
953.79998779,0.505320760662571,953.79998779,0.440075364892865,953.79998779,0.487272978240862,953.79998779,0.472132372199079,953.79998779,0.860837260779698
954,0.487702776877,954,0.425249503776207,954,0.480275851799418,954,0.477922766502819,954,0.893154314584047
954.20001221,0.47117677336261,954.20001221,0.412163014288909,954.20001221,0.473116860415885,954.20001221,0.474842937842825,954.20001221,0.92209435468431
954.40002441,0.457848138070772,954.40002441,0.403354482633607,954.40002441,0.466435760112387,954.40002441,0.469757225725131,954.40002441,0.920244849404515
954.59997559,0.447183999071894,954.59997559,0.398053843235902,954.59997559,0.463527892880522,954.59997559,0.462406865991127,954.59997559,0.915281484058511
954.79998779,0.438224773652764,954.79998779,0.389244060787911,954.79998779,0.458040682934012,954.79998779,0.459252444022359,954.79998779,0.896421638944692
955,0.430485599761347,955,0.385760328012998,955,0.452803846150903,955,0.452679081522924,955,0.867706296479398
955.20001221,0.431543731510824,955.20001221,0.382317501768058,955.20001221,0.448848576868037,955.20001221,0.447107047511889,955.20001221,0.840761463025332
955.40002441,0.427333774755284,955.40002441,0.381825198938044,955.40002441,0.448311713320029,955.40002441,0.449915924056353,955.40002441,0.825780314271911
955.59997559,0.428478292426647,955.59997559,0.381662308679547,955.59997559,0.450538782309241,955.59997559,0.450346263149711,955.59997559,0.815881845345973
955.79998779,0.428509902423403,955.79998779,0.385122062634237,955.79998779,0.450235505110645,955.79998779,0.451771570474375,955.79998779,0.808922393368834
956,0.431832161485101,956,0.388507740297081,956,0.453567847383625,956,0.454618702662279,956,0.79775154392484
956.20001221,0.434039970960443,956.20001221,0.390325492563311,956.20001221,0.458806778115034,956.20001221,0.455348036123475,956.20001221,0.813847384602475
956.40002441,0.436022374499128,956.40002441,0.393214243360576,956.40002441,0.459029179104995,956.40002441,0.457015840001471,956.40002441,0.805136253774262
956.59997559,0.441624795399023,956.59997559,0.394697485645771,956.59997559,0.46162443350122,956.59997559,0.460632845487238,956.59997559,0.811901374609382
956.79998779,0.444603800643429,956.79998779,0.393358302515869,956.79998779,0.464312405137507,956.79998779,0.462055462504727,956.79998779,0.803138009695992
957,0.444699150734486,957,0.392750742894241,957,0.466311568650021,957,0.462424012554526,957,0.789750020160329
957.20001221,0.445194647749859,957.20001221,0.395377643092027,957.20001221,0.464886616970599,957.20001221,0.463507900017562,957.20001221,0.795214352933709
957.40002441,0.441972851068419,957.40002441,0.393839451861997,957.40002441,0.465386392239797,957.40002441,0.466557607976364,957.40002441,0.79427496598831
957.59997559,0.443555885342975,957.59997559,0.398385562583254,957.59997559,0.466145804541142,957.59997559,0.467863784175471,957.59997559,0.801073236735139
957.79998779,0.444424723756218,957.79998779,0.397208207097718,957.79998779,0.466752779880453,957.79998779,0.468111319997548,957.79998779,0.799841807238159
958,0.442225509261583,958,0.397227320016207,958,0.469246216051756,958,0.4713732472888,958,0.795334679040784
958.20001221,0.441276648321164,958.20001221,0.398321999775252,958.20001221,0.471323616615718,958.20001221,0.471907656522173,958.20001221,0.799908015861455
958.40002441,0.442498492957216,958.40002441,0.400478759684219,958.40002441,0.472815407039467,958.40002441,0.475955349350605,958.40002441,0.798039025813952
958.59997559,0.448010529580693,958.59997559,0.400722846802484,958.59997559,0.476470228899444,958.59997559,0.476304618101125,958.59997559,0.798718613690314
958.79998779,0.449331429650438,958.79998779,0.402978227246557,958.79998779,0.478650611712029,958.79998779,0.477038572074375,958.79998779,0.796860017357103
959,0.451377763321935,959,0.405421867165129,959,0.477374548066941,959,0.479007014002735,959,0.795617123440805
959.20001221,0.450964814814531,959.20001221,0.406003430807272,959.20001221,0.477596895255957,959.20001221,0.477448282422128,959.20001221,0.787238553645827
959.40002441,0.452868412822177,959.40002441,0.407235072098206,959.40002441,0.478876443062303,959.40002441,0.478473811384867,959.40002441,0.796216803179936
959.59997559,0.457328891175185,959.59997559,0.409393095961086,959.59997559,0.480009889539156,959.59997559,0.477664834456269,959.59997559,0.800963532902922
959.79998779,0.459181329030725,959.79998779,0.408976267946075,959.79998779,0.480227990856222,959.79998779,0.477145548873022,959.79998779,0.802371791231333
960,0.460374735218847,960,0.40757431516799,960,0.48131394658445,960,0.477884396916385,960,0.799763839516993
960.20001221,0.461843635622924,960.20001221,0.413544287608033,960.20001221,0.480783998998011,960.20001221,0.478628856035646,960.20001221,0.79234780412749
960.40002441,0.461077312293688,960.40002441,0.41194099413145,960.40002441,0.480902082392388,960.40002441,0.477800256083121,960.40002441,0.799407357450095
960.59997559,0.464451327499726,960.59997559,0.413133492579423,960.59997559,0.47885352446106,960.59997559,0.475856532376447,960.59997559,0.799006436470579
960.79998779,0.466362313374912,960.79998779,0.414065486952276,960.79998779,0.481782018411337,960.79998779,0.476176453547987,960.79998779,0.793077685892426
961,0.467853005868843,961,0.416442093347111,961,0.482702101406769,961,0.472317664666402,961,0.799002056404154
961.20001221,0.469469166184908,961.20001221,0.417972661396259,961.20001221,0.483696626937523,961.20001221,0.47522874732174,961.20001221,0.804343421775818
961.40002441,0.474806933335386,961.40002441,0.420872697246947,961.40002441,0.485947619541019,961.40002441,0.474457676354292,961.40002441,0.811795168396582
961.59997559,0.480484181318377,961.59997559,0.423002812917987,961.59997559,0.488746777028876,961.59997559,0.47416045428443,961.59997559,0.800947425227547
961.79998779,0.478366736011296,961.79998779,0.426060417182904,961.79998779,0.491084369028002,961.79998779,0.476654508065983,961.79998779,0.806826561362448
962,0.481678990918282,962,0.426224880482572,962,0.491098892346302,962,0.475412104318136,962,0.815372513072828
962.20001221,0.485028563949227,962.20001221,0.429255284705992,962.20001221,0.493465542889154,962.20001221,0.477946915064676,962.20001221,0.81511821806853
962.40002441,0.481566088885893,962.40002441,0.427695732388372,962.40002441,0.495933176291232,962.40002441,0.478501872176185,962.40002441,0.81007657942294
962.59997559,0.485414929768006,962.59997559,0.431350909400626,962.59997559,0.496433802106052,962.59997559,0.481077840308246,962.59997559,0.812618444063256
962.79998779,0.48723470885397,962.79998779,0.429385339902499,962.79998779,0.497851011448291,962.79998779,0.485657302613521,962.79998779,0.822196223709839
963,0.484101826968731,963,0.431726502365207,963,0.501644697868276,963,0.486465768886942,963,0.816036023329722
963.20001221,0.486201564823833,963.20001221,0.432180312669733,963.20001221,0.500808312528159,963.20001221,0.485313034328734,963.20001221,0.821001483489967
963.40002441,0.484505876925773,963.40002441,0.434843107530355,963.40002441,0.503966344963856,963.40002441,0.4873971648167,963.40002441,0.816291786162981
963.59997559,0.489003153396104,963.59997559,0.435380490937052,963.59997559,0.50441747677681,963.59997559,0.489878102459333,963.59997559,0.825158563883135
963.79998779,0.488880416973357,963.79998779,0.436131755951766,963.79998779,0.506208916182258,963.79998779,0.490905615710191,963.79998779,0.826214274581429
964,0.486000709117484,964,0.438356020662898,964,0.507017238994757,964,0.496033706392761,964,0.835520622859156
964.20001221,0.494671421383468,964.20001221,0.440416878091098,964.20001221,0.509544746692906,964.20001221,0.494435204400095,964.20001221,0.831972718006482
964.40002441,0.493482154365395,964.40002441,0.441614175901219,964.40002441,0.513583570411062,964.40002441,0.502043998626081,964.40002441,0.829554409438085
964.59997559,0.497052731706027,964.59997559,0.445264099525373,964.59997559,0.517441662616646,964.59997559,0.50458711086845,964.59997559,0.834142255806905
964.79998779,0.500046120607833,964.79998779,0.448095684213161,964.79998779,0.519675895048897,964.79998779,0.50643950560678,964.79998779,0.836937679496201
965,0.501424964318126,965,0.449952833014578,965,0.523377316271933,965,0.51131555687743,965,0.839825587067495
965.20001221,0.500530037400741,965.20001221,0.450316434093823,965.20001221,0.524095650877664,965.20001221,0.509537055912401,965.20001221,0.84174455579022
965.40002441,0.505628135248074,965.40002441,0.452177437476129,965.40002441,0.526103718967918,965.40002441,0.51260384386566,965.40002441,0.850450100630751
965.59997559,0.508537730302766,965.59997559,0.451210455132777,965.59997559,0.525051271247638,965.59997559,0.514651677506074,965.59997559,0.848624642980965
965.79998779,0.507471541823284,965.79998779,0.45429857488793,965.79998779,0.52726460376272,965.79998779,0.517866596559251,965.79998779,0.853221322908148
966,0.509361150815489,966,0.453165618709733,966,0.529559246758441,966,0.518370528379461,966,0.857527341998132
966.20001221,0.510588271513621,966.20001221,0.454470654069221,966.20001221,0.527585366517288,966.20001221,0.519874921285004,966.20001221,0.858525979679126
966.40002441,0.511868837309831,966.40002441,0.454750560199506,966.40002441,0.528007406139693,966.40002441,0.517220185294147,966.40002441,0.875390898616928
966.59997559,0.50689758066736,966.59997559,0.455384133809928,966.59997559,0.527530468283878,966.59997559,0.518979144730097,966.59997559,0.868043143807165
966.79998779,0.508491974074727,966.79998779,0.457553597343399,966.79998779,0.529929653370866,966.79998779,0.520259292940432,966.79998779,0.86022984582765
967,0.509018007945796,967,0.454555317781145,967,0.529442892459045,967,0.520653184123099,967,0.869364283298597
967.20001221,0.508432286899403,967.20001221,0.457243495076058,967.20001221,0.528885774497428,967.20001221,0.521469201714575,967.20001221,0.877176653993057
967.40002441,0.511764715992595,967.40002441,0.455338776687043,967.40002441,0.529642150021825,967.40002441,0.521502440996683,967.40002441,0.875961391874799
967.59997559,0.510915320525401,967.59997559,0.45667814966683,967.59997559,0.531111173935641,967.59997559,0.523801554087665,967.59997559,0.877762594435435
967.79998779,0.513555070301222,967.79998779,0.458718022912397,967.79998779,0.531875975159109,967.79998779,0.527874306866634,967.79998779,0.875929817837974
968,0.510166992708699,968,0.459974551645399,968,0.534073095481922,968,0.526265761329708,968,0.890654850005298
968.20001221,0.512295371689679,968.20001221,0.460005008793416,968.20001221,0.533599096997897,968.20001221,0.528951513699018,968.20001221,0.890075109347886
968.40002441,0.514207069350616,968.40002441,0.461416447628617,968.40002441,0.534688442951835,968.40002441,0.530705412554266,968.40002441,0.892044801944366
968.59997559,0.512440273266142,968.59997559,0.461402049124139,968.59997559,0.535958641519335,968.59997559,0.529031941050577,968.59997559,0.894673873524853
968.79998779,0.513487158886602,968.79998779,0.464011340734318,968.79998779,0.53712981267786,968.79998779,0.531873129268035,968.79998779,0.895206343271648
969,0.514681093529913,969,0.463352733156886,969,0.538768054180283,969,0.532369070189475,969,0.905676111536686
969.20001221,0.516431478409893,969.20001221,0.463530639363417,969.20001221,0.539775475116128,969.20001221,0.532273866129567,969.20001221,0.90411512104909
969.40002441,0.517828894998416,969.40002441,0.467557532858712,969.40002441,0.542422895917093,969.40002441,0.53646420039959,969.40002441,0.90785733666393
969.59997559,0.523125738984729,969.59997559,0.469886870077779,969.59997559,0.546616331805951,969.59997559,0.537871104671137,969.59997559,0.909604009925196
969.79998779,0.525479109566322,969.79998779,0.471667943434695,969.79998779,0.546665915802104,969.79998779,0.540016729875541,969.79998779,0.914142414640614
970,0.527362091539887,970,0.475327002467643,970,0.548573377697467,970,0.540320051407596,970,0.904669979122263
