2Theta,Intensity,2Theta,Intensity,2Theta,Intensity,2Theta,Intensity
,AG,,3nm,,7nm,,20nm
0.1,495396,0.1,882205,0.1,2670490,0.1,401624
0.105,474478,0.105,866729,0.105,2643040,0.105,386562
0.11,456052,0.11,852421,0.11,2701220,0.11,370672
0.115,446563,0.115,835047,0.115,2667930,0.115,355887
0.12,437760,0.12,818695,0.12,2692680,0.12,347621
0.125,435888,0.125,820374,0.125,2713700,0.125,339303
0.13,426622,0.13,816505,0.13,2719910,0.13,330135
0.135,422825,0.135,820009,0.135,2720560,0.135,321623
0.14,424355,0.14,819133,0.14,2726770,0.14,318952
0.145,422005,0.145,804387,0.145,2748600,0.145,309463
0.15,427092,0.15,814023,0.15,2762470,0.15,302682
0.155,425019,0.155,824024,0.155,2751300,0.155,302115
0.16,427458,0.16,821469,0.16,2733780,0.16,296893
0.165,432456,0.165,833076,0.165,2736990,0.165,287434
0.17,434635,0.17,842055,0.17,2730050,0.17,283838
0.175,436805,0.175,847676,0.175,2700780,0.175,277661
0.18,442221,0.18,853297,0.18,2694360,0.18,272387
0.185,447197,0.185,859940,0.185,2673920,0.185,265248
0.19,449495,0.19,850523,0.19,2642890,0.19,263383
0.195,453359,0.195,857823,0.195,2627850,0.195,253140
0.2,457552,0.2,859137,0.2,2604280,0.2,249746
0.205,458357,0.205,858334,0.205,2543900,0.205,244300
0.21,462222,0.21,864758,0.21,2500100,0.21,237720
0.215,466832,0.215,853516,0.215,2457030,0.215,228179
0.22,472606,0.22,880672,0.22,2437540,0.22,223733
0.225,477157,0.225,877752,0.225,2389580,0.225,215400
0.23,481237,0.23,867824,0.23,2353590,0.23,210663
0.235,485407,0.235,859721,0.235,2304460,0.235,203725
0.24,482759,0.24,865780,0.24,2256580,0.24,192722
0.245,490980,0.245,869649,0.245,2227380,0.245,187239
0.25,496165,0.25,863809,0.25,2217520,0.25,183046
0.255,505094,0.255,878847,0.255,2177010,0.255,174579
0.26,505445,0.26,880891,0.26,2161170,0.26,170178
0.265,512256,0.265,880234,0.265,2151020,0.265,162994
0.27,517150,0.27,866364,0.27,2139050,0.27,158309
0.275,518821,0.275,890600,0.275,2156860,0.275,151811
0.28,531764,0.28,883665,0.28,2128020,0.28,147223
0.285,536083,0.285,885782,0.285,2149490,0.285,140293
0.29,538612,0.29,917318,0.29,2142920,0.29,137510
0.295,553711,0.295,925348,0.295,2158680,0.295,132146
0.3,555695,0.3,934984,0.3,2205990,0.3,128573
0.305,563998,0.305,951044,0.305,2245190,0.305,124627
0.31,569743,0.31,974696,0.31,2293220,0.31,120569
0.315,582738,0.315,990318,0.315,2306800,0.315,116428
0.32,589743,0.32,1016670,0.32,2354250,0.32,113332
0.325,598396,0.325,1030910,0.325,2385710,0.325,107924
0.33,608661,0.33,1035140,0.33,2459950,0.33,106089
0.335,614831,0.335,1080110,0.335,2529300,0.335,102120
0.34,622671,0.34,1101790,0.34,2527040,0.34,98912.1016
0.345,631966,0.345,1112520,0.345,2618290,0.345,97218.7031
0.35,641672,0.35,1159390,0.35,2649020,0.35,92392.1016
0.355,652616,0.355,1184210,0.355,2722170,0.355,90795.7031
0.36,660441,0.36,1197860,0.36,2755750,0.36,87498.2969
0.365,667506,0.365,1229540,0.365,2807730,0.365,83731
0.37,675801,0.37,1234580,0.37,2878610,0.37,81701.8984
0.375,681277,0.375,1279980,0.375,2924890,0.375,79896.6016
0.38,695123,0.38,1308230,0.38,2982490,0.38,77971.8984
0.385,698301,0.385,1323640,0.385,3004680,0.385,76136.7969
0.39,707462,0.39,1329990,0.39,3056580,0.39,78290
0.395,717809,0.395,1381450,0.395,3090090,0.395,77283
0.4,730334,0.4,1394520,0.4,3152720,0.4,75632
0.405,737578,0.405,1425030,0.405,3191200,0.405,74001
0.41,743217,0.41,1451530,0.41,3214340,0.41,72956
0.415,736205,0.415,1464820,0.415,3272880,0.415,71893
0.42,723503,0.42,1492270,0.42,3319750,0.42,70918
0.425,723138,0.425,1504970,0.425,3319160,0.425,70226
0.43,734453,0.43,1520230,0.43,3354500,0.43,69092
0.435,738541,0.435,1569350,0.435,3405300,0.435,68321
0.44,737957,0.44,1597170,0.44,3429610,0.44,68179
0.445,755915,0.445,1598850,0.445,3417280,0.445,67787
0.45,769858,0.45,1643160,0.45,3513560,0.45,67056
0.455,779056,0.455,1649650,0.455,3472170,0.455,67446
0.46,802270,0.46,1668120,0.46,3530280,0.46,67227
0.465,770588,0.465,1687320,0.465,3548970,0.465,67238
0.47,800007,0.47,1712070,0.47,3560430,0.47,66939
0.475,806869,0.475,1724260,0.475,3549410,0.475,67692
0.48,807672,0.48,1742290,0.48,3592700,0.48,68532
0.485,828769,0.485,1785800,0.485,3587290,0.485,68858
0.49,818987,0.49,1781710,0.49,3611750,0.49,69145
0.495,831543,0.495,1820840,0.495,3633870,0.495,69887
0.5,818330,0.5,1833470,0.5,3608970,0.5,70359
0.505,824170,0.505,1863030,0.505,3627810,0.505,70740
0.51,848698,0.51,1850920,0.51,3613870,0.51,72014
0.515,849720,0.515,1891580,0.515,3647520,0.515,72773
0.52,837529,0.52,1917710,0.52,3655330,0.52,73432
0.525,838989,0.525,1928220,0.525,3658760,0.525,74695
0.53,851837,0.53,1951870,0.53,3635110,0.53,75361
0.535,857093,0.535,1969030,0.535,3667590,0.535,76037
0.54,850085,0.54,1966690,0.54,3646200,0.54,77326
0.545,848406,0.545,2022760,0.545,3627590,0.545,77992
0.55,855049,0.55,2013190,0.55,3655620,0.55,79366
0.555,848625,0.555,2017790,0.555,3601160,0.555,79683
0.56,856071,0.56,2046340,0.56,3600580,0.56,80563
0.565,857604,0.565,2076340,0.565,3618760,0.565,81930
0.57,841836,0.57,2085830,0.57,3601670,0.57,82326
0.575,846508,0.575,2103930,0.575,3593210,0.575,83217
0.58,835266,0.58,2119700,0.58,3590580,0.58,84411
0.585,838624,0.585,2107730,0.585,3540720,0.585,84681
0.59,838843,0.59,2132620,0.59,3538020,0.59,84967
0.595,836507,0.595,2160140,0.595,3538530,0.595,85572
0.6,810373,0.6,2148320,0.6,3503560,0.6,86017
0.605,808840,0.605,2175110,0.605,3466110,0.605,86576
0.61,792050,0.61,2173720,0.61,3472320,0.61,86563
0.615,785626,0.615,2197370,0.615,3448960,0.615,86892
0.62,786210,0.62,2207300,0.62,3425820,0.62,86446
0.625,751389,0.625,2220730,0.625,3398810,0.625,87264
0.63,714524,0.63,2238550,0.63,3397060,0.63,86564
0.635,691456,0.635,2234380,0.635,3372380,0.635,86768
0.64,672330,0.64,2248980,0.64,3318870,0.64,86786
0.645,644225,0.645,2262710,0.645,3312890,0.645,86217
0.65,599330,0.65,2243000,0.65,3282660,0.65,85540
0.655,598948,0.655,2250740,0.655,3253680,0.655,84931
0.66,567579,0.66,2271400,0.66,3226310,0.66,83901
0.665,528862,0.665,2280890,0.665,3210760,0.665,84128
0.67,484818,0.67,2292490,0.67,3169950,0.67,82830
0.675,446220,0.675,2281320,0.675,3155790,0.675,82265
0.68,404683,0.68,2304980,0.68,3112790,0.68,81826
0.685,368024,0.685,2333960,0.685,3093300,0.685,81002
0.69,329844,0.69,2333660,0.69,3071040,0.69,79426
0.695,294021,0.695,2344180,0.695,3045560,0.695,78751
0.7,259951,0.7,2341620,0.7,3024030,0.7,78212
0.705,231551,0.705,2335420,0.705,2979350,0.705,76919
0.71,204121,0.71,2334540,0.71,2916570,0.71,75760
0.715,181621,0.715,2351330,0.715,2896350,0.715,75157
0.72,160890,0.72,2330890,0.72,2885030,0.72,74115
0.725,144135,0.725,2359580,0.725,2828020,0.725,72981
0.73,129998,0.73,2344400,0.73,2807510,0.73,72721
0.735,116145,0.735,2359140,0.735,2779400,0.735,71217
0.74,104515,0.74,2354690,0.74,2749550,0.74,70894
0.745,95018,0.745,2374250,0.745,2740640,0.745,69748
0.75,87602.7969,0.75,2368780,0.75,2701510,0.75,69372
0.755,78852.2031,0.755,2392940,0.755,2679250,0.755,67869
0.76,73560,0.76,2379730,0.76,2634570,0.76,67406
0.765,69292,0.765,2367320,0.765,2607200,0.765,66602
0.77,63871,0.77,2372720,0.77,2577850,0.77,65938
0.775,58861,0.775,2370240,0.775,2545800,0.775,65376
0.78,55021,0.78,2372350,0.78,2503830,0.78,64276
0.785,51686,0.785,2373740,0.785,2470830,0.785,63504
0.79,47680,0.79,2339070,0.79,2450250,0.79,62989
0.795,45255,0.795,2368560,0.795,2423670,0.795,62199
0.8,41816,0.8,2360020,0.8,2388560,0.8,61190
0.805,39522,0.805,2341910,0.805,2388630,0.805,61154
0.81,36568,0.81,2344980,0.81,2335120,0.81,59567
0.815,34097,0.815,2337750,0.815,2323080,0.815,58893
0.82,31262,0.82,2329800,0.82,2279210,0.82,58693
0.825,29154,0.825,2329720,0.825,2273440,0.825,57476
0.83,27090,0.83,2325850,0.83,2241900,0.83,56528
0.835,25195,0.835,2291030,0.835,2201390,0.835,55515
0.84,23651,0.84,2272860,0.84,2170510,0.84,54762
0.845,22351,0.845,2270590,0.845,2149700,0.845,53778
0.85,21138,0.85,2274900,0.85,2143350,0.85,53002
0.855,20042,0.855,2260450,0.855,2110720,0.855,52198
0.86,19018,0.86,2248770,0.86,2074000,0.86,51521
0.865,18092,0.865,2239570,0.865,2049480,0.865,50399
0.87,16743,0.87,2234380,0.87,2025530,0.87,48961
0.875,15639,0.875,2216500,0.875,2008230,0.875,48535
0.88,14399,0.88,2192410,0.88,1991730,0.88,48075
0.885,13315,0.885,2200730,0.885,1956980,0.885,46928
0.89,12460,0.89,2183500,0.89,1925300,0.89,45982
0.895,11396,0.895,2170220,0.895,1892960,0.895,45139
0.9,10906,0.9,2150650,0.9,1878140,0.9,43746
0.905,10409,0.905,2092470,0.905,1839600,0.905,42976
0.91,9911,0.91,2109850,0.91,1815730,0.91,41901
0.915,9597,0.915,2077510,0.915,1776670,0.915,40960
0.92,9034,0.92,2060280,0.92,1749300,0.92,40307
0.925,8777,0.925,2025530,0.925,1751930,0.925,38949
0.93,8374,0.93,2025390,0.93,1710390,0.93,38073
0.935,7972,0.935,2000050,0.935,1687400,0.935,37115
0.94,7568,0.94,1969250,0.94,1617460,0.94,36223
0.945,6931,0.945,1951580,0.945,1614250,0.945,35651
0.95,6291,0.95,1930700,0.95,1586000,0.95,34595
0.955,5892,0.955,1915890,0.955,1569140,0.955,33740
0.96,5327,0.96,1865220,0.96,1538110,0.96,32472
0.965,5020,0.965,1841130,0.965,1498760,0.965,31922
0.97,4830,0.97,1825880,0.97,1480290,0.97,30955
0.975,4665,0.975,1782000,0.975,1446200,0.975,30213
0.98,4392,0.98,1780110,0.98,1439560,0.98,29117
0.985,4328,0.985,1735280,0.985,1386120,0.985,28648
0.99,4351,0.99,1711120,0.99,1378390,0.99,27796
0.995,4213,0.995,1667980,0.995,1324220,0.995,26981
1,4033,1,1652650,1,1298960,1,26087
1.005,3815,1.005,1594320,1.005,1275160,1.005,25270
1.01,3519,1.01,1584980,1.01,1244430,1.01,24733
1.015,3274,1.015,1546580,1.015,1221800,1.015,24057
1.02,2993,1.02,1511170,1.02,1192890,1.02,23269
1.025,2715,1.025,1490150,1.025,1173260,1.025,22487
1.03,2658,1.03,1461390,1.03,1205020,1.03,21633
1.035,2358,1.035,1414230,1.035,1175110,1.035,21267
1.04,2160,1.04,1384520,1.04,1151330,1.04,20426
1.045,2157,1.045,1336560,1.045,1129710,1.045,19853
1.05,1973,1.05,1320350,1.05,1104120,1.05,19173
1.055,2058,1.055,1257130,1.055,1072290,1.055,18887
1.06,2023,1.06,1259620,1.06,1051110,1.06,17888
1.065,1973,1.065,1214140,1.065,1022130,1.065,17347
1.07,2061,1.07,1196030,1.07,997872,1.07,16668
1.075,1900,1.075,1141650,1.075,973344,1.075,16466
1.08,1755,1.08,1104490,1.08,948539,1.08,15884
1.085,1858,1.085,1082590,1.085,917117,1.085,15236
1.09,1650,1.09,1042000,1.09,893798,1.09,14919
1.095,1505,1.095,1009440,1.095,874588,1.095,14410
1.1,1283,1.1,977543,1.1,841219,1.1,13986
1.105,1268,1.105,943890,1.105,820906,1.105,13491
1.11,1080,1.11,929801,1.11,793789,1.11,13100
1.115,999,1.115,893666,1.115,771155,1.115,12658
1.12,974,1.12,849574,1.12,749521,1.12,12244
1.125,1013,1.125,820958,1.125,723434,1.125,11890
1.13,970,1.13,807745,1.13,701001,1.13,11529
1.135,934,1.135,768982,1.135,678233,1.135,11261
1.14,1002,1.14,736424,1.14,650602,1.14,10859
1.145,968,1.145,716714,1.145,632108,1.145,10577
1.15,1008,1.15,682404,1.15,607953,1.15,10295
1.155,966,1.155,659555,1.155,595099,1.155,9866
1.16,885,1.16,629260,1.16,569631,1.16,9621
1.165,888,1.165,598965,1.165,548914,1.165,9378
1.17,840,1.17,582686,1.17,527691,1.17,8955
1.175,699,1.175,580321,1.175,508832,1.175,8758
1.18,633,1.18,563640,1.18,491994,1.18,8513
1.185,620,1.185,545162,1.185,474255,1.185,8109
1.19,542,1.19,522058,1.19,455038,1.19,7918
1.195,520,1.195,499537,1.195,438939,1.195,7777
1.2,493,1.2,480178,1.2,423691,1.2,7513
1.205,494,1.205,459342,1.205,409979,1.205,7286
1.21,482,1.21,443027,1.21,391986,1.21,7149
1.215,509,1.215,420035,1.215,377961,1.215,6862
1.22,479,1.22,401430,1.22,363227,1.22,6890
1.225,515,1.225,386062,1.225,351441,1.225,6501
1.23,500,1.23,366935,1.23,336588,1.23,6216
1.235,542,1.235,349091,1.235,322033,1.235,6080
1.24,497,1.24,332388,1.24,310731,1.24,5946
1.245,498,1.245,318482,1.245,299497,1.245,5836
1.25,457,1.25,301220,1.25,285673,1.25,5577
1.255,383,1.255,290164,1.255,277952,1.255,5415
1.26,371,1.26,273118,1.26,268277,1.26,5336
1.265,379,1.265,259213,1.265,254849,1.265,5045
1.27,307,1.27,246740,1.27,247060,1.27,4924
1.275,338,1.275,231745,1.275,237594,1.275,4900
1.28,326,1.28,223464,1.28,228798,1.28,4811
1.285,255,1.285,209111,1.285,219690,1.285,4612
1.29,316,1.29,197809,1.29,211484,1.29,4430
1.295,266,1.295,188171,1.295,207343,1.295,4281
1.3,310,1.3,178108,1.3,198891,1.3,4163
1.305,344,1.305,165955,1.305,190603,1.305,4013
1.31,332,1.31,160278,1.31,184225,1.31,3929
1.315,325,1.315,149648,1.315,178309,1.315,3780
1.32,320,1.32,140994,1.32,171878,1.32,3753
1.325,290,1.325,132236,1.325,168768,1.325,3545
1.33,285,1.33,124858,1.33,159443,1.33,3490
1.335,265,1.335,117749,1.335,156004,1.335,3455
1.34,280,1.34,110945,1.34,151147,1.34,3334
1.345,242,1.345,103067,1.345,153704,1.345,3067
1.35,234,1.35,99456.7031,1.35,150443,1.35,3027
1.355,211,1.355,92474.2031,1.355,147119,1.355,2933
1.36,200,1.36,88811.2969,1.36,142631,1.36,2800
1.365,195,1.365,82522.5,1.365,138982,1.365,2749
1.37,190,1.37,77487,1.37,135507,1.37,2623
1.375,197,1.375,76476,1.375,131675,1.375,2556
1.38,217,1.38,74481,1.38,128044,1.38,2472
1.385,207,1.385,70454,1.385,124950,1.385,2398
1.39,209,1.39,67318,1.39,121657,1.39,2319
1.395,197,1.395,63522,1.395,118962,1.395,2209
1.4,194,1.4,60628,1.4,115736,1.4,2165
1.405,207,1.405,57015,1.405,113294,1.405,2090
1.41,216,1.41,54741,1.41,110036,1.41,2061
1.415,174,1.415,52613,1.415,107461,1.415,1910
1.42,216,1.42,49787,1.42,104970,1.42,1903
1.425,186,1.425,47646,1.425,101869,1.425,1855
1.43,191,1.43,45659,1.43,100412,1.43,1732
1.435,170,1.435,43867,1.435,97527,1.435,1821
1.44,161,1.44,42491,1.44,94834,1.44,1567
1.445,160,1.445,40672,1.445,92551,1.445,1572
1.45,150,1.45,39297,1.45,90441,1.45,1521
1.455,176,1.455,37926,1.455,88375,1.455,1539
1.46,152,1.46,36905,1.46,86492,1.46,1438
1.465,156,1.465,35733,1.465,84373,1.465,1467
1.47,147,1.47,34904,1.47,82600,1.47,1401
1.475,165,1.475,33496,1.475,80913,1.475,1369
1.48,166,1.48,33064,1.48,79279,1.48,1375
1.485,167,1.485,32465,1.485,77343,1.485,1318
1.49,157,1.49,31489,1.49,75157,1.49,1271
1.495,171,1.495,31048,1.495,74496,1.495,1266
1.5,137,1.5,30883,1.5,72616,1.5,1227
1.505,131,1.505,30305,1.505,70746,1.505,1131
1.51,145,1.51,30145,1.51,69629,1.51,1157
1.515,150,1.515,29819,1.515,68238,1.515,1121
1.52,142,1.52,29384,1.52,66479,1.52,1059
1.525,143,1.525,29073,1.525,65348,1.525,981
1.53,173,1.53,29216,1.53,64409,1.53,956
1.535,129,1.535,29066,1.535,62934,1.535,968
1.54,141,1.54,28995,1.54,61932,1.54,915
1.545,133,1.545,28935,1.545,60308,1.545,987
1.55,120,1.55,28576,1.55,59358,1.55,932
1.555,123,1.555,28643,1.555,57676,1.555,844
1.56,126,1.56,28233,1.56,56831,1.56,854
1.565,141,1.565,28753,1.565,56205,1.565,863
1.57,141,1.57,28839,1.57,54823,1.57,846
1.575,137,1.575,28435,1.575,54369,1.575,772
1.58,131,1.58,28634,1.58,53179,1.58,834
1.585,107,1.585,28816,1.585,52121,1.585,773
1.59,120,1.59,28820,1.59,51341,1.59,759
1.595,117,1.595,28570,1.595,50506,1.595,658
1.6,102,1.6,28420,1.6,49503,1.6,735
1.605,106,1.605,28873,1.605,48766,1.605,732
1.61,113,1.61,28733,1.61,47769,1.61,681
1.615,113,1.615,28533,1.615,46770,1.615,664
1.62,117,1.62,28699,1.62,46380,1.62,631
1.625,115,1.625,28796,1.625,45612,1.625,603
1.63,123,1.63,28543,1.63,44811,1.63,615
1.635,123,1.635,28825,1.635,43392,1.635,661
1.64,106,1.64,28359,1.64,42988,1.64,614
1.645,109,1.645,28500,1.645,42489,1.645,630
1.65,119,1.65,28419,1.65,41620,1.65,569
1.655,118,1.655,28667,1.655,40536,1.655,622
1.66,120,1.66,28305,1.66,40267,1.66,584
1.665,105,1.665,28352,1.665,39333,1.665,572
1.67,94,1.67,28140,1.67,38479,1.67,529
1.675,119,1.675,28188,1.675,37850,1.675,488
1.68,122,1.68,27884,1.68,37084,1.68,536
1.685,113,1.685,27256,1.685,36947,1.685,479
1.69,100,1.69,27447,1.69,35874,1.69,509
1.695,97,1.695,26916,1.695,35412,1.695,482
1.7,110,1.7,27047,1.7,34785,1.7,462
1.705,91,1.705,26701,1.705,34423,1.705,438
1.71,100,1.71,26275,1.71,33805,1.71,455
1.715,98,1.715,26285,1.715,33009,1.715,483
1.72,96,1.72,25972,1.72,32555,1.72,463
1.725,86,1.725,25741,1.725,31699,1.725,457
1.73,106,1.73,25743,1.73,31331,1.73,446
1.735,100,1.735,25357,1.735,30612,1.735,462
1.74,114,1.74,24894,1.74,30202,1.74,435
1.745,114,1.745,24598,1.745,29891,1.745,437
1.75,92,1.75,24493,1.75,29321,1.75,392
1.755,96,1.755,23976,1.755,28726,1.755,402
1.76,87,1.76,23415,1.76,28119,1.76,379
1.765,99,1.765,23374,1.765,27721,1.765,367
1.77,104,1.77,23012,1.77,27424,1.77,381
1.775,85,1.775,22898,1.775,26678,1.775,369
1.78,75,1.78,22460,1.78,26243,1.78,373
1.785,109,1.785,21721,1.785,25532,1.785,314
1.79,80,1.79,21746,1.79,25500,1.79,338
1.795,81,1.795,20850,1.795,24816,1.795,344
1.8,106,1.8,20877,1.8,24380,1.8,312
1.805,89,1.805,20180,1.805,24203,1.805,300
1.81,80,1.81,20304,1.81,23393,1.81,304
1.815,94,1.815,19839,1.815,23253,1.815,292
1.82,111,1.82,19131,1.82,22736,1.82,314
1.825,70,1.825,19015,1.825,22204,1.825,286
1.83,83,1.83,18559,1.83,22031,1.83,289
1.835,99,1.835,18153,1.835,21667,1.835,299
1.84,68,1.84,17633,1.84,21165,1.84,283
1.845,99,1.845,17284,1.845,20994,1.845,290
1.85,87,1.85,16905,1.85,20148,1.85,279
1.855,98,1.855,16575,1.855,19951,1.855,276
1.86,88,1.86,16173,1.86,19591,1.86,257
1.865,92,1.865,15722,1.865,19416,1.865,244
1.87,75,1.87,15523,1.87,19044,1.87,301
1.875,92,1.875,15063,1.875,18484,1.875,246
1.88,89,1.88,14813,1.88,18298,1.88,256
1.885,82,1.885,14295,1.885,18142,1.885,285
1.89,90,1.89,14029,1.89,17684,1.89,256
1.895,86,1.895,13609,1.895,17300,1.895,263
1.9,95,1.9,13036,1.9,16805,1.9,259
1.905,84,1.905,12548,1.905,16584,1.905,297
1.91,94,1.91,12517,1.91,16049,1.91,249
1.915,69,1.915,12195,1.915,16143,1.915,226
1.92,79,1.92,11877,1.92,15537,1.92,234
1.925,63,1.925,11463,1.925,15285,1.925,222
1.93,80,1.93,11056,1.93,15062,1.93,244
1.935,94,1.935,10857,1.935,14650,1.935,235
1.94,69,1.94,10444,1.94,14604,1.94,228
1.945,67,1.945,10147,1.945,14268,1.945,251
1.95,85,1.95,9844,1.95,13944,1.95,236
1.955,70,1.955,9699,1.955,13661,1.955,217
1.96,87,1.96,9027,1.96,13445,1.96,218
1.965,98,1.965,9004,1.965,13192,1.965,246
1.97,63,1.97,8583,1.97,12839,1.97,218
1.975,73,1.975,8349,1.975,12529,1.975,225
1.98,63,1.98,8273,1.98,12368,1.98,234
1.985,67,1.985,7911,1.985,12116,1.985,214
1.99,85,1.99,7641,1.99,12036,1.99,209
1.995,69,1.995,7336,1.995,11579,1.995,222
2,63,2,7181,2,11257,2,211
2.005,83,2.005,6902,2.005,11008,2.005,205
2.01,62,2.01,6510,2.01,10947,2.01,203
2.015,62,2.015,6244,2.015,10628,2.015,203
2.02,81,2.02,6332,2.02,10341,2.02,197
2.025,70,2.025,5976,2.025,10262,2.025,230
2.03,71,2.03,5749,2.03,9866,2.03,204
2.035,69,2.035,5456,2.035,9578,2.035,209
2.04,80,2.04,5379,2.04,9614,2.04,220
2.045,65,2.045,5153,2.045,9362,2.045,205
2.05,71,2.05,4863,2.05,9109,2.05,192
2.055,61,2.055,4779,2.055,8976,2.055,217
2.06,83,2.06,4568,2.06,8837,2.06,201
2.065,71,2.065,4433,2.065,8385,2.065,187
2.07,58,2.07,4291,2.07,8255,2.07,203
2.075,65,2.075,4031,2.075,8161,2.075,222
2.08,56,2.08,3925,2.08,7997,2.08,205
2.085,70,2.085,3787,2.085,7839,2.085,227
2.09,75,2.09,3585,2.09,7553,2.09,154
2.095,74,2.095,3524,2.095,7536,2.095,211
2.1,76,2.1,3326,2.1,7362,2.1,196
2.105,51,2.105,3085,2.105,7234,2.105,202
2.11,65,2.11,3100,2.11,7030,2.11,209
2.115,58,2.115,3012,2.115,6857,2.115,193
2.12,53,2.12,2776,2.12,6742,2.12,178
2.125,54,2.125,2770,2.125,6419,2.125,215
2.13,69,2.13,2588,2.13,6349,2.13,183
2.135,75,2.135,2654,2.135,6187,2.135,160
2.14,72,2.14,2453,2.14,6198,2.14,160
2.145,53,2.145,2354,2.145,6098,2.145,173
2.15,53,2.15,2447,2.15,5853,2.15,186
2.155,75,2.155,2278,2.155,5761,2.155,172
2.16,58,2.16,2135,2.16,5691,2.16,174
2.165,50,2.165,2073,2.165,5616,2.165,178
2.17,69,2.17,2052,2.17,5419,2.17,177
2.175,52,2.175,2000,2.175,5390,2.175,169
2.18,58,2.18,1884,2.18,5408,2.18,161
2.185,53,2.185,1965,2.185,5122,2.185,159
2.19,54,2.19,1853,2.19,5078,2.19,167
2.195,67,2.195,1825,2.195,5208,2.195,182
2.2,62,2.2,1894,2.2,5054,2.2,170
2.205,70,2.205,1726,2.205,4948,2.205,161
2.21,59,2.21,1723,2.21,4725,2.21,172
2.215,69,2.215,1702,2.215,4639,2.215,170
2.22,44,2.22,1674,2.22,4650,2.22,142
2.225,68,2.225,1709,2.225,4634,2.225,178
2.23,54,2.23,1634,2.23,4548,2.23,156
2.235,48,2.235,1600,2.235,4484,2.235,168
2.24,47,2.24,1631,2.24,4444,2.24,141
2.245,62,2.245,1596,2.245,4420,2.245,128
2.25,59,2.25,1663,2.25,4351,2.25,144
2.255,75,2.255,1671,2.255,4288,2.255,132
2.26,63,2.26,1704,2.26,4221,2.26,159
2.265,56,2.265,1654,2.265,4194,2.265,139
2.27,62,2.27,1627,2.27,4133,2.27,156
2.275,68,2.275,1676,2.275,4115,2.275,123
2.28,58,2.28,1669,2.28,4133,2.28,142
2.285,51,2.285,1635,2.285,4131,2.285,153
2.29,56,2.29,1718,2.29,4060,2.29,149
2.295,53,2.295,1760,2.295,3829,2.295,137
2.3,57,2.3,1691,2.3,3956,2.3,164
2.305,49,2.305,1691,2.305,3787,2.305,145
2.31,66,2.31,1780,2.31,3913,2.31,133
2.315,59,2.315,1788,2.315,3755,2.315,134
2.32,54,2.32,1919,2.32,3810,2.32,133
2.325,53,2.325,1970,2.325,3624,2.325,146
2.33,61,2.33,1938,2.33,3664,2.33,142
2.335,52,2.335,2028,2.335,3702,2.335,144
2.34,53,2.34,2018,2.34,3698,2.34,151
2.345,51,2.345,1910,2.345,3631,2.345,107
2.35,53,2.35,2073,2.35,3809,2.35,127
2.355,59,2.355,2087,2.355,3539,2.355,136
2.36,46,2.36,2133,2.36,3480,2.36,152
2.365,49,2.365,2298,2.365,3558,2.365,142
2.37,57,2.37,2218,2.37,3515,2.37,136
2.375,49,2.375,2256,2.375,3394,2.375,140
2.38,66,2.38,2213,2.38,3354,2.38,135
2.385,50,2.385,2319,2.385,3398,2.385,131
2.39,48,2.39,2286,2.39,3289,2.39,129
2.395,44,2.395,2441,2.395,3319,2.395,111
2.4,54,2.4,2472,2.4,3353,2.4,132
2.405,61,2.405,2428,2.405,3245,2.405,122
2.41,47,2.41,2476,2.41,3138,2.41,116
2.415,50,2.415,2549,2.415,3170,2.415,140
2.42,56,2.42,2559,2.42,3118,2.42,127
2.425,46,2.425,2636,2.425,2965,2.425,134
2.43,51,2.43,2599,2.43,3075,2.43,146
2.435,48,2.435,2672,2.435,3058,2.435,139
2.44,48,2.44,2705,2.44,2978,2.44,134
2.445,48,2.445,2757,2.445,2936,2.445,111
2.45,56,2.45,2718,2.45,2799,2.45,130
2.455,54,2.455,2758,2.455,2889,2.455,140
2.46,52,2.46,2799,2.46,2742,2.46,110
2.465,53,2.465,2806,2.465,2830,2.465,138
2.47,48,2.47,2804,2.47,2678,2.47,141
2.475,64,2.475,2995,2.475,2606,2.475,116
2.48,53,2.48,2886,2.48,2652,2.48,117
2.485,47,2.485,2875,2.485,2636,2.485,109
2.49,40,2.49,2910,2.49,2588,2.49,121
2.495,40,2.495,2846,2.495,2503,2.495,103
2.5,43,2.5,3028,2.5,2533,2.5,120
2.505,52,2.505,2927,2.505,2443,2.505,105
2.51,43,2.51,2963,2.51,2396,2.51,98
2.515,36,2.515,2922,2.515,2427,2.515,113
2.52,44,2.52,2958,2.52,2299,2.52,122
2.525,49,2.525,2975,2.525,2291,2.525,101
2.53,29,2.53,3070,2.53,2320,2.53,115
2.535,64,2.535,3039,2.535,2242,2.535,119
2.54,49,2.54,2920,2.54,2215,2.54,111
2.545,49,2.545,2912,2.545,2262,2.545,98
2.55,43,2.55,3006,2.55,2194,2.55,114
2.555,41,2.555,3016,2.555,2145,2.555,104
2.56,38,2.56,3054,2.56,2140,2.56,96
2.565,47,2.565,3062,2.565,2097,2.565,119
2.57,36,2.57,2920,2.57,2107,2.57,95
2.575,39,2.575,2882,2.575,1997,2.575,107
2.58,43,2.58,2827,2.58,1975,2.58,85
2.585,53,2.585,2896,2.585,2050,2.585,105
2.59,39,2.59,2847,2.59,2098,2.59,72
2.595,48,2.595,2806,2.595,1994,2.595,94
2.6,39,2.6,2800,2.6,1976,2.6,117
2.605,48,2.605,2916,2.605,1888,2.605,97
2.61,50,2.61,2895,2.61,1962,2.61,104
2.615,40,2.615,2789,2.615,1868,2.615,85
2.62,43,2.62,2837,2.62,1873,2.62,104
2.625,40,2.625,2675,2.625,1842,2.625,100
2.63,32,2.63,2713,2.63,1866,2.63,110
2.635,38,2.635,2579,2.635,1869,2.635,103
2.64,46,2.64,2611,2.64,1833,2.64,109
2.645,30,2.645,2530,2.645,1879,2.645,117
2.65,41,2.65,2586,2.65,1745,2.65,96
2.655,37,2.655,2557,2.655,1817,2.655,94
2.66,37,2.66,2487,2.66,1788,2.66,90
2.665,42,2.665,2460,2.665,1732,2.665,109
2.67,38,2.67,2473,2.67,1763,2.67,89
2.675,40,2.675,2434,2.675,1713,2.675,104
2.68,48,2.68,2448,2.68,1694,2.68,100
2.685,63,2.685,2322,2.685,1715,2.685,81
2.69,41,2.69,2239,2.69,1677,2.69,97
2.695,54,2.695,2254,2.695,1696,2.695,95
2.7,34,2.7,2184,2.7,1633,2.7,98
2.705,47,2.705,2110,2.705,1620,2.705,87
2.71,41,2.71,2022,2.71,1679,2.71,95
2.715,39,2.715,2034,2.715,1538,2.715,89
2.72,43,2.72,1933,2.72,1659,2.72,79
2.725,41,2.725,1911,2.725,1648,2.725,85
2.73,36,2.73,1854,2.73,1565,2.73,78
2.735,50,2.735,1792,2.735,1569,2.735,71
2.74,45,2.74,1778,2.74,1606,2.74,71
2.745,36,2.745,1759,2.745,1474,2.745,88
2.75,45,2.75,1730,2.75,1590,2.75,81
2.755,36,2.755,1647,2.755,1476,2.755,72
2.76,53,2.76,1553,2.76,1444,2.76,84
2.765,38,2.765,1589,2.765,1503,2.765,80
2.77,42,2.77,1497,2.77,1443,2.77,61
2.775,49,2.775,1415,2.775,1446,2.775,85
2.78,42,2.78,1446,2.78,1382,2.78,66
2.785,35,2.785,1391,2.785,1366,2.785,81
2.79,34,2.79,1358,2.79,1409,2.79,70
2.795,33,2.795,1285,2.795,1321,2.795,63
2.8,41,2.8,1260,2.8,1363,2.8,72
2.805,31,2.805,1193,2.805,1331,2.805,74
2.81,40,2.81,1147,2.81,1273,2.81,85
2.815,52,2.815,1124,2.815,1251,2.815,74
2.82,41,2.82,1075,2.82,1279,2.82,87
2.825,34,2.825,1024,2.825,1226,2.825,73
2.83,24,2.83,978,2.83,1255,2.83,76
2.835,42,2.835,938,2.835,1239,2.835,69
2.84,46,2.84,886,2.84,1151,2.84,84
2.845,34,2.845,862,2.845,1141,2.845,74
2.85,40,2.85,904,2.85,1175,2.85,66
2.855,36,2.855,837,2.855,1126,2.855,64
2.86,44,2.86,751,2.86,1150,2.86,66
2.865,26,2.865,751,2.865,1150,2.865,64
2.87,33,2.87,678,2.87,1093,2.87,68
2.875,34,2.875,669,2.875,1068,2.875,63
2.88,29,2.88,693,2.88,1095,2.88,66
2.885,32,2.885,644,2.885,1041,2.885,76
2.89,32,2.89,628,2.89,1064,2.89,68
2.895,40,2.895,509,2.895,1015,2.895,82
2.9,34,2.9,542,2.9,998,2.9,66
2.905,36,2.905,521,2.905,963,2.905,60
2.91,28,2.91,480,2.91,955,2.91,81
2.915,49,2.915,473,2.915,992,2.915,65
2.92,59,2.92,473,2.92,938,2.92,92
2.925,44,2.925,450,2.925,920,2.925,79
2.93,36,2.93,388,2.93,971,2.93,72
2.935,22,2.935,405,2.935,940,2.935,82
2.94,34,2.94,372,2.94,908,2.94,78
2.945,46,2.945,367,2.945,907,2.945,90
2.95,25,2.95,345,2.95,914,2.95,62
2.955,46,2.955,337,2.955,865,2.955,54
2.96,38,2.96,284,2.96,831,2.96,73
2.965,45,2.965,292,2.965,846,2.965,71
2.97,40,2.97,279,2.97,853,2.97,69
2.975,42,2.975,293,2.975,839,2.975,42
2.98,46,2.98,283,2.98,830,2.98,76
2.985,49,2.985,229,2.985,792,2.985,80
2.99,39,2.99,256,2.99,809,2.99,64
2.995,40,2.995,239,2.995,801,2.995,77
3,27,3,208,3,789,3,64
3.005,31,3.005,222,3.005,842,3.005,72
3.01,23,3.01,223,3.01,782,3.01,56
3.015,30,3.015,220,3.015,790,3.015,55
3.02,32,3.02,205,3.02,751,3.02,63
3.025,45,3.025,207,3.025,802,3.025,73
3.03,38,3.03,195,3.03,781,3.03,65
3.035,37,3.035,192,3.035,765,3.035,48
3.04,31,3.04,209,3.04,784,3.04,66
3.045,27,3.045,209,3.045,702,3.045,69
3.05,39,3.05,221,3.05,782,3.05,58
3.055,35,3.055,222,3.055,722,3.055,61
3.06,36,3.06,219,3.06,775,3.06,69
3.065,24,3.065,222,3.065,701,3.065,68
3.07,29,3.07,226,3.07,744,3.07,65
3.075,28,3.075,214,3.075,707,3.075,61
3.08,32,3.08,247,3.08,748,3.08,51
3.085,33,3.085,237,3.085,679,3.085,71
3.09,37,3.09,247,3.09,711,3.09,63
3.095,41,3.095,221,3.095,712,3.095,64
3.1,39,3.1,258,3.1,679,3.1,62
3.105,34,3.105,257,3.105,716,3.105,56
3.11,35,3.11,272,3.11,638,3.11,63
3.115,34,3.115,280,3.115,699,3.115,60
3.12,28,3.12,320,3.12,679,3.12,53
3.125,31,3.125,291,3.125,674,3.125,57
3.13,25,3.13,300,3.13,636,3.13,65
3.135,33,3.135,315,3.135,688,3.135,57
3.14,30,3.14,329,3.14,666,3.14,53
3.145,37,3.145,339,3.145,641,3.145,71
3.15,33,3.15,320,3.15,660,3.15,68
3.155,29,3.155,354,3.155,615,3.155,55
3.16,33,3.16,384,3.16,613,3.16,49
3.165,31,3.165,380,3.165,635,3.165,62
3.17,26,3.17,355,3.17,574,3.17,48
3.175,41,3.175,378,3.175,635,3.175,64
3.18,26,3.18,424,3.18,602,3.18,70
3.185,32,3.185,396,3.185,605,3.185,59
3.19,40,3.19,421,3.19,673,3.19,54
3.195,29,3.195,432,3.195,587,3.195,47
3.2,29,3.2,450,3.2,575,3.2,64
3.205,30,3.205,466,3.205,574,3.205,57
3.21,32,3.21,463,3.21,595,3.21,45
3.215,37,3.215,468,3.215,588,3.215,59
3.22,31,3.22,483,3.22,559,3.22,65
3.225,33,3.225,490,3.225,569,3.225,52
3.23,33,3.23,461,3.23,575,3.23,49
3.235,20,3.235,495,3.235,592,3.235,50
3.24,32,3.24,538,3.24,600,3.24,51
3.245,22,3.245,470,3.245,571,3.245,48
3.25,26,3.25,526,3.25,527,3.25,54
3.255,37,3.255,505,3.255,557,3.255,47
3.26,35,3.26,542,3.26,603,3.26,51
3.265,35,3.265,522,3.265,533,3.265,51
3.27,35,3.27,518,3.27,522,3.27,75
3.275,35,3.275,571,3.275,514,3.275,70
3.28,27,3.28,586,3.28,509,3.28,67
3.285,31,3.285,579,3.285,510,3.285,45
3.29,42,3.29,575,3.29,495,3.29,54
3.295,32,3.295,538,3.295,504,3.295,56
3.3,37,3.3,558,3.3,540,3.3,50
3.305,36,3.305,609,3.305,518,3.305,44
3.31,34,3.31,585,3.31,484,3.31,66
3.315,32,3.315,622,3.315,491,3.315,56
3.32,31,3.32,608,3.32,494,3.32,61
3.325,35,3.325,635,3.325,467,3.325,60
3.33,33,3.33,613,3.33,476,3.33,52
3.335,33,3.335,637,3.335,473,3.335,40
3.34,40,3.34,592,3.34,517,3.34,54
3.345,28,3.345,606,3.345,510,3.345,62
3.35,27,3.35,631,3.35,474,3.35,52
3.355,29,3.355,571,3.355,487,3.355,58
3.36,29,3.36,592,3.36,454,3.36,56
3.365,38,3.365,561,3.365,467,3.365,50
3.37,24,3.37,600,3.37,475,3.37,51
3.375,32,3.375,565,3.375,432,3.375,51
3.38,21,3.38,585,3.38,448,3.38,43
3.385,31,3.385,602,3.385,442,3.385,55
3.39,32,3.39,606,3.39,487,3.39,46
3.395,37,3.395,634,3.395,488,3.395,68
3.4,25,3.4,622,3.4,447,3.4,33
3.405,28,3.405,602,3.405,427,3.405,48
3.41,33,3.41,626,3.41,456,3.41,53
3.415,38,3.415,579,3.415,430,3.415,56
3.42,30,3.42,573,3.42,443,3.42,45
3.425,27,3.425,536,3.425,424,3.425,48
3.43,23,3.43,551,3.43,443,3.43,41
3.435,30,3.435,553,3.435,439,3.435,44
3.44,34,3.44,547,3.44,456,3.44,44
3.445,37,3.445,549,3.445,434,3.445,42
3.45,35,3.45,596,3.45,442,3.45,56
3.455,38,3.455,550,3.455,440,3.455,43
3.46,37,3.46,500,3.46,419,3.46,64
3.465,38,3.465,553,3.465,414,3.465,59
3.47,32,3.47,532,3.47,402,3.47,53
3.475,34,3.475,520,3.475,456,3.475,54
3.48,38,3.48,479,3.48,433,3.48,50
3.485,28,3.485,526,3.485,432,3.485,52
3.49,34,3.49,533,3.49,437,3.49,52
3.495,27,3.495,497,3.495,437,3.495,36
3.5,30,3.5,501,3.5,467,3.5,55
3.505,28,3.505,466,3.505,393,3.505,43
3.51,26,3.51,471,3.51,428,3.51,48
3.515,29,3.515,451,3.515,434,3.515,49
3.52,30,3.52,468,3.52,438,3.52,54
3.525,31,3.525,423,3.525,435,3.525,54
3.53,29,3.53,459,3.53,415,3.53,47
3.535,28,3.535,417,3.535,443,3.535,50
3.54,27,3.54,468,3.54,458,3.54,46
3.545,29,3.545,425,3.545,399,3.545,44
3.55,27,3.55,446,3.55,392,3.55,40
3.555,35,3.555,410,3.555,423,3.555,51
3.56,32,3.56,396,3.56,386,3.56,48
3.565,44,3.565,393,3.565,412,3.565,41
3.57,27,3.57,368,3.57,398,3.57,55
3.575,37,3.575,409,3.575,376,3.575,48
3.58,35,3.58,363,3.58,425,3.58,47
3.585,37,3.585,357,3.585,384,3.585,53
3.59,39,3.59,323,3.59,410,3.59,49
3.595,37,3.595,365,3.595,423,3.595,49
3.6,27,3.6,338,3.6,387,3.6,55
3.605,26,3.605,322,3.605,389,3.605,51
3.61,25,3.61,340,3.61,350,3.61,42
3.615,29,3.615,303,3.615,364,3.615,50
3.62,24,3.62,305,3.62,387,3.62,48
3.625,28,3.625,293,3.625,367,3.625,50
3.63,21,3.63,270,3.63,363,3.63,47
3.635,33,3.635,263,3.635,328,3.635,39
3.64,23,3.64,267,3.64,359,3.64,44
3.645,23,3.645,263,3.645,344,3.645,47
3.65,23,3.65,246,3.65,320,3.65,35
3.655,28,3.655,218,3.655,324,3.655,36
3.66,35,3.66,232,3.66,284,3.66,44
3.665,27,3.665,219,3.665,282,3.665,50
3.67,29,3.67,220,3.67,323,3.67,49
3.675,32,3.675,206,3.675,321,3.675,43
3.68,31,3.68,207,3.68,313,3.68,46
3.685,32,3.685,204,3.685,311,3.685,46
3.69,24,3.69,203,3.69,293,3.69,41
3.695,28,3.695,192,3.695,303,3.695,50
3.7,32,3.7,215,3.7,310,3.7,38
3.705,22,3.705,149,3.705,300,3.705,46
3.71,30,3.71,178,3.71,266,3.71,49
3.715,33,3.715,182,3.715,275,3.715,49
3.72,29,3.72,162,3.72,297,3.72,46
3.725,27,3.725,164,3.725,255,3.725,54
3.73,24,3.73,175,3.73,286,3.73,54
3.735,29,3.735,167,3.735,270,3.735,46
3.74,22,3.74,152,3.74,299,3.74,39
3.745,26,3.745,148,3.745,269,3.745,49
3.75,25,3.75,151,3.75,262,3.75,45
3.755,43,3.755,127,3.755,293,3.755,46
3.76,31,3.76,136,3.76,279,3.76,40
3.765,28,3.765,127,3.765,293,3.765,41
3.77,33,3.77,110,3.77,232,3.77,39
3.775,25,3.775,117,3.775,270,3.775,43
3.78,25,3.78,121,3.78,281,3.78,39
3.785,27,3.785,134,3.785,258,3.785,46
3.79,25,3.79,110,3.79,303,3.79,43
3.795,32,3.795,103,3.795,275,3.795,44
3.8,21,3.8,111,3.8,267,3.8,56
3.805,28,3.805,114,3.805,260,3.805,32
3.81,28,3.81,93,3.81,296,3.81,43
3.815,26,3.815,121,3.815,297,3.815,36
3.82,25,3.82,91,3.82,247,3.82,32
3.825,28,3.825,88,3.825,258,3.825,37
3.83,34,3.83,106,3.83,276,3.83,39
3.835,28,3.835,94,3.835,258,3.835,41
3.84,21,3.84,86,3.84,257,3.84,43
3.845,23,3.845,94,3.845,237,3.845,39
3.85,23,3.85,96,3.85,265,3.85,56
3.855,29,3.855,84,3.855,257,3.855,32
3.86,30,3.86,107,3.86,261,3.86,47
3.865,19,3.865,99,3.865,264,3.865,35
3.87,28,3.87,111,3.87,264,3.87,41
3.875,35,3.875,101,3.875,254,3.875,40
3.88,27,3.88,88,3.88,273,3.88,33
3.885,30,3.885,95,3.885,285,3.885,38
3.89,26,3.89,116,3.89,265,3.89,36
3.895,25,3.895,102,3.895,252,3.895,33
3.9,27,3.9,106,3.9,250,3.9,38
3.905,22,3.905,91,3.905,270,3.905,32
3.91,18,3.91,100,3.91,261,3.91,41
3.915,31,3.915,93,3.915,285,3.915,30
3.92,29,3.92,98,3.92,265,3.92,30
3.925,34,3.925,91,3.925,259,3.925,43
3.93,36,3.93,91,3.93,234,3.93,38
3.935,21,3.935,95,3.935,274,3.935,32
3.94,23,3.94,80,3.94,270,3.94,37
3.945,31,3.945,85,3.945,257,3.945,45
3.95,27,3.95,83,3.95,255,3.95,40
3.955,25,3.955,92,3.955,290,3.955,34
3.96,14,3.96,94,3.96,229,3.96,42
3.965,26,3.965,75,3.965,277,3.965,44
3.97,23,3.97,96,3.97,272,3.97,34
3.975,20,3.975,97,3.975,229,3.975,37
3.98,20,3.98,103,3.98,217,3.98,39
3.985,24,3.985,81,3.985,227,3.985,30
3.99,30,3.99,116,3.99,243,3.99,36
3.995,32,3.995,106,3.995,244,3.995,40
4,29,4,97,4,255,4,31
4.005,26,4.005,83,4.005,234,4.005,34
4.01,23,4.01,92,4.01,219,4.01,36
4.015,21,4.015,107,4.015,239,4.015,38
4.02,27,4.02,101,4.02,230,4.02,36
4.025,31,4.025,88,4.025,256,4.025,34
4.03,26,4.03,90,4.03,233,4.03,33
4.035,19,4.035,97,4.035,209,4.035,39
4.04,24,4.04,91,4.04,245,4.04,33
4.045,28,4.045,88,4.045,213,4.045,27
4.05,30,4.05,97,4.05,245,4.05,29
4.055,37,4.055,99,4.055,215,4.055,42
4.06,16,4.06,114,4.06,216,4.06,36
4.065,31,4.065,110,4.065,239,4.065,31
4.07,29,4.07,122,4.07,197,4.07,30
4.075,19,4.075,119,4.075,213,4.075,23
4.08,21,4.08,116,4.08,208,4.08,37
4.085,28,4.085,123,4.085,227,4.085,47
4.09,28,4.09,122,4.09,207,4.09,29
4.095,29,4.095,105,4.095,218,4.095,37
4.1,28,4.1,111,4.1,186,4.1,42
4.105,26,4.105,106,4.105,188,4.105,41
4.11,20,4.11,120,4.11,220,4.11,30
4.115,32,4.115,100,4.115,224,4.115,25
4.12,31,4.12,119,4.12,193,4.12,23
4.125,30,4.125,115,4.125,195,4.125,32
4.13,25,4.13,124,4.13,192,4.13,38
4.135,20,4.135,117,4.135,211,4.135,41
4.14,25,4.14,124,4.14,197,4.14,39
4.145,23,4.145,102,4.145,173,4.145,40
4.15,20,4.15,112,4.15,176,4.15,37
4.155,18,4.155,109,4.155,163,4.155,37
4.16,20,4.16,121,4.16,190,4.16,33
4.165,21,4.165,92,4.165,180,4.165,28
4.17,21,4.17,118,4.17,169,4.17,27
4.175,27,4.175,122,4.175,184,4.175,41
4.18,22,4.18,128,4.18,185,4.18,35
4.185,26,4.185,106,4.185,206,4.185,32
4.19,27,4.19,117,4.19,196,4.19,21
4.195,33,4.195,115,4.195,178,4.195,25
4.2,17,4.2,119,4.2,176,4.2,29
4.205,34,4.205,130,4.205,194,4.205,50
4.21,22,4.21,101,4.21,190,4.21,31
4.215,24,4.215,103,4.215,176,4.215,37
4.22,20,4.22,138,4.22,202,4.22,28
4.225,21,4.225,110,4.225,163,4.225,38
4.23,34,4.23,121,4.23,190,4.23,28
4.235,24,4.235,91,4.235,184,4.235,42
4.24,27,4.24,111,4.24,161,4.24,34
4.245,30,4.245,126,4.245,197,4.245,27
4.25,31,4.25,118,4.25,185,4.25,36
4.255,33,4.255,122,4.255,170,4.255,37
4.26,20,4.26,120,4.26,193,4.26,32
4.265,20,4.265,115,4.265,184,4.265,28
4.27,28,4.27,122,4.27,177,4.27,25
4.275,35,4.275,106,4.275,161,4.275,35
4.28,20,4.28,135,4.28,190,4.28,28
4.285,25,4.285,109,4.285,186,4.285,39
4.29,27,4.29,124,4.29,187,4.29,27
4.295,22,4.295,123,4.295,178,4.295,37
4.3,18,4.3,126,4.3,166,4.3,33
4.305,15,4.305,118,4.305,197,4.305,25
4.31,22,4.31,121,4.31,190,4.31,35
4.315,19,4.315,127,4.315,218,4.315,22
4.32,29,4.32,127,4.32,177,4.32,22
4.325,30,4.325,146,4.325,179,4.325,29
4.33,22,4.33,122,4.33,192,4.33,34
4.335,22,4.335,92,4.335,187,4.335,35
4.34,19,4.34,150,4.34,181,4.34,23
4.345,24,4.345,137,4.345,161,4.345,32
4.35,21,4.35,140,4.35,186,4.35,26
4.355,27,4.355,143,4.355,185,4.355,26
4.36,19,4.36,120,4.36,208,4.36,19
4.365,27,4.365,134,4.365,163,4.365,30
4.37,26,4.37,118,4.37,181,4.37,25
4.375,22,4.375,140,4.375,176,4.375,23
4.38,22,4.38,129,4.38,192,4.38,35
4.385,22,4.385,132,4.385,181,4.385,37
4.39,34,4.39,134,4.39,185,4.39,29
4.395,26,4.395,130,4.395,199,4.395,33
4.4,22,4.4,143,4.4,196,4.4,36
4.405,22,4.405,143,4.405,146,4.405,27
4.41,25,4.41,139,4.41,184,4.41,28
4.415,24,4.415,98,4.415,191,4.415,34
4.42,27,4.42,139,4.42,176,4.42,25
4.425,32,4.425,115,4.425,173,4.425,38
4.43,29,4.43,135,4.43,188,4.43,36
4.435,24,4.435,111,4.435,187,4.435,28
4.44,32,4.44,155,4.44,157,4.44,26
4.445,21,4.445,117,4.445,159,4.445,26
4.45,15,4.45,119,4.45,141,4.45,25
4.455,25,4.455,128,4.455,174,4.455,35
4.46,22,4.46,114,4.46,157,4.46,34
4.465,30,4.465,123,4.465,163,4.465,35
4.47,20,4.47,122,4.47,117,4.47,25
4.475,22,4.475,127,4.475,140,4.475,29
4.48,21,4.48,99,4.48,157,4.48,24
4.485,29,4.485,130,4.485,170,4.485,30
4.49,24,4.49,127,4.49,171,4.49,39
4.495,28,4.495,107,4.495,149,4.495,24
4.5,37,4.5,124,4.5,138,4.5,20
4.505,16,4.505,132,4.505,152,4.505,40
4.51,22,4.51,121,4.51,154,4.51,36
4.515,18,4.515,122,4.515,154,4.515,25
4.52,29,4.52,102,4.52,159,4.52,36
4.525,25,4.525,135,4.525,124,4.525,23
4.53,31,4.53,123,4.53,132,4.53,26
4.535,32,4.535,128,4.535,145,4.535,36
4.54,16,4.54,107,4.54,132,4.54,27
4.545,25,4.545,117,4.545,166,4.545,27
4.55,30,4.55,113,4.55,147,4.55,32
4.555,28,4.555,130,4.555,136,4.555,28
4.56,28,4.56,105,4.56,149,4.56,25
4.565,33,4.565,95,4.565,141,4.565,31
4.57,29,4.57,113,4.57,138,4.57,28
4.575,22,4.575,108,4.575,145,4.575,32
4.58,21,4.58,127,4.58,141,4.58,21
4.585,28,4.585,98,4.585,157,4.585,25
4.59,37,4.59,104,4.59,145,4.59,28
4.595,26,4.595,108,4.595,144,4.595,22
4.6,25,4.6,112,4.6,134,4.6,36
4.605,37,4.605,112,4.605,163,4.605,22
4.61,29,4.61,102,4.61,150,4.61,19
4.615,19,4.615,101,4.615,146,4.615,28
4.62,21,4.62,94,4.62,141,4.62,26
4.625,26,4.625,99,4.625,132,4.625,29
4.63,15,4.63,112,4.63,136,4.63,28
4.635,23,4.635,108,4.635,127,4.635,20
4.64,27,4.64,99,4.64,136,4.64,27
4.645,21,4.645,93,4.645,155,4.645,27
4.65,26,4.65,75,4.65,135,4.65,35
4.655,26,4.655,81,4.655,142,4.655,19
4.66,22,4.66,84,4.66,138,4.66,19
4.665,25,4.665,81,4.665,144,4.665,25
4.67,28,4.67,72,4.67,138,4.67,22
4.675,24,4.675,98,4.675,151,4.675,22
4.68,25,4.68,84,4.68,137,4.68,22
4.685,24,4.685,68,4.685,156,4.685,22
4.69,24,4.69,84,4.69,145,4.69,21
4.695,24,4.695,76,4.695,132,4.695,31
4.7,29,4.7,77,4.7,141,4.7,26
4.705,25,4.705,68,4.705,154,4.705,23
4.71,25,4.71,76,4.71,148,4.71,21
4.715,29,4.715,74,4.715,163,4.715,24
4.72,26,4.72,78,4.72,137,4.72,25
4.725,21,4.725,72,4.725,135,4.725,25
4.73,19,4.73,53,4.73,154,4.73,27
4.735,25,4.735,78,4.735,125,4.735,27
4.74,24,4.74,75,4.74,151,4.74,19
4.745,27,4.745,63,4.745,134,4.745,25
4.75,22,4.75,71,4.75,143,4.75,23
4.755,11,4.755,57,4.755,151,4.755,30
4.76,19,4.76,73,4.76,126,4.76,27
4.765,24,4.765,53,4.765,148,4.765,23
4.77,19,4.77,64,4.77,119,4.77,32
4.775,32,4.775,66,4.775,129,4.775,20
4.78,25,4.78,58,4.78,156,4.78,21
4.785,34,4.785,67,4.785,134,4.785,22
4.79,25,4.79,46,4.79,140,4.79,20
4.795,24,4.795,71,4.795,151,4.795,19
4.8,23,4.8,43,4.8,136,4.8,20
4.805,23,4.805,51,4.805,121,4.805,31
4.81,29,4.81,65,4.81,113,4.81,24
4.815,31,4.815,60,4.815,143,4.815,22
4.82,26,4.82,46,4.82,140,4.82,23
4.825,28,4.825,63,4.825,99,4.825,23
4.83,20,4.83,57,4.83,129,4.83,26
4.835,19,4.835,44,4.835,128,4.835,10
4.84,25,4.84,58,4.84,121,4.84,33
4.845,24,4.845,66,4.845,128,4.845,25
4.85,24,4.85,56,4.85,121,4.85,17
4.855,19,4.855,50,4.855,129,4.855,21
4.86,18,4.86,43,4.86,116,4.86,24
4.865,18,4.865,55,4.865,111,4.865,30
4.87,25,4.87,39,4.87,120,4.87,25
4.875,38,4.875,47,4.875,106,4.875,28
4.88,19,4.88,49,4.88,153,4.88,22
4.885,17,4.885,45,4.885,95,4.885,22
4.89,23,4.89,39,4.89,134,4.89,24
4.895,31,4.895,65,4.895,116,4.895,21
4.9,19,4.9,55,4.9,109,4.9,22
4.905,23,4.905,57,4.905,118,4.905,33
4.91,26,4.91,45,4.91,125,4.91,31
4.915,29,4.915,56,4.915,107,4.915,31
4.92,15,4.92,52,4.92,114,4.92,32
4.925,22,4.925,63,4.925,92,4.925,26
4.93,25,4.93,66,4.93,120,4.93,30
4.935,28,4.935,53,4.935,116,4.935,20
4.94,25,4.94,68,4.94,116,4.94,29
4.945,23,4.945,69,4.945,129,4.945,32
4.95,27,4.95,63,4.95,133,4.95,27
4.955,23,4.955,52,4.955,116,4.955,17
4.96,23,4.96,51,4.96,113,4.96,27
4.965,27,4.965,63,4.965,100,4.965,26
4.97,29,4.97,70,4.97,138,4.97,24
4.975,24,4.975,53,4.975,115,4.975,25
4.98,22,4.98,59,4.98,113,4.98,19
4.985,25,4.985,57,4.985,117,4.985,28
4.99,19,4.99,60,4.99,103,4.99,28
4.995,27,4.995,66,4.995,139,4.995,27
5,21,5,66,5,118,5,20
5.005,24,5.005,71,5.005,101,5.005,20
5.01,32,5.01,71,5.01,112,5.01,17
5.015,31,5.015,65,5.015,130,5.015,29
5.02,30,5.02,64,5.02,125,5.02,21
5.025,33,5.025,71,5.025,106,5.025,21
5.03,30,5.03,76,5.03,130,5.03,21
5.035,21,5.035,74,5.035,121,5.035,21
5.04,34,5.04,69,5.04,116,5.04,19
5.045,30,5.045,68,5.045,135,5.045,27
5.05,26,5.05,58,5.05,123,5.05,23
5.055,31,5.055,58,5.055,113,5.055,16
5.06,28,5.06,82,5.06,120,5.06,24
5.065,28,5.065,74,5.065,105,5.065,19
5.07,30,5.07,64,5.07,115,5.07,22
5.075,30,5.075,71,5.075,122,5.075,25
5.08,32,5.08,64,5.08,142,5.08,26
5.085,31,5.085,69,5.085,105,5.085,22
5.09,20,5.09,76,5.09,115,5.09,27
5.095,27,5.095,72,5.095,102,5.095,15
5.1,26,5.1,79,5.1,112,5.1,27
5.105,25,5.105,64,5.105,112,5.105,19
5.11,36,5.11,79,5.11,154,5.11,18
5.115,33,5.115,66,5.115,101,5.115,30
5.12,33,5.12,74,5.12,121,5.12,13
5.125,26,5.125,66,5.125,107,5.125,20
5.13,27,5.13,56,5.13,115,5.13,23
5.135,27,5.135,84,5.135,104,5.135,25
5.14,32,5.14,78,5.14,115,5.14,21
5.145,32,5.145,53,5.145,128,5.145,15
5.15,37,5.15,89,5.15,92,5.15,18
5.155,28,5.155,77,5.155,109,5.155,23
5.16,22,5.16,68,5.16,114,5.16,22
5.165,34,5.165,62,5.165,112,5.165,16
5.17,31,5.17,71,5.17,107,5.17,21
5.175,30,5.175,73,5.175,97,5.175,12
5.18,29,5.18,71,5.18,99,5.18,24
5.185,38,5.185,72,5.185,89,5.185,17
5.19,29,5.19,78,5.19,101,5.19,16
5.195,27,5.195,70,5.195,105,5.195,30
5.2,25,5.2,59,5.2,116,5.2,14
5.205,28,5.205,62,5.205,82,5.205,16
5.21,24,5.21,79,5.21,83,5.21,23
5.215,24,5.215,57,5.215,114,5.215,27
5.22,32,5.22,65,5.22,92,5.22,19
5.225,18,5.225,61,5.225,105,5.225,17
5.23,42,5.23,67,5.23,110,5.23,16
5.235,31,5.235,63,5.235,109,5.235,27
5.24,22,5.24,63,5.24,107,5.24,23
5.245,18,5.245,52,5.245,91,5.245,27
5.25,21,5.25,64,5.25,105,5.25,25
5.255,37,5.255,57,5.255,101,5.255,29
5.26,28,5.26,67,5.26,106,5.26,19
5.265,32,5.265,60,5.265,100,5.265,24
5.27,32,5.27,56,5.27,119,5.27,21
5.275,31,5.275,63,5.275,93,5.275,28
5.28,29,5.28,58,5.28,113,5.28,20
5.285,21,5.285,57,5.285,99,5.285,20
5.29,29,5.29,71,5.29,88,5.29,21
5.295,27,5.295,61,5.295,110,5.295,22
5.3,29,5.3,49,5.3,115,5.3,26
5.305,25,5.305,60,5.305,99,5.305,31
5.31,21,5.31,57,5.31,128,5.31,24
5.315,40,5.315,50,5.315,96,5.315,23
5.32,28,5.32,50,5.32,108,5.32,23
5.325,27,5.325,46,5.325,99,5.325,24
5.33,22,5.33,58,5.33,102,5.33,24
5.335,21,5.335,55,5.335,104,5.335,19
5.34,23,5.34,63,5.34,112,5.34,28
5.345,36,5.345,61,5.345,102,5.345,20
5.35,30,5.35,61,5.35,106,5.35,29
5.355,27,5.355,54,5.355,108,5.355,25
5.36,31,5.36,57,5.36,121,5.36,30
5.365,36,5.365,42,5.365,106,5.365,26
5.37,24,5.37,38,5.37,94,5.37,26
5.375,27,5.375,53,5.375,114,5.375,26
5.38,25,5.38,49,5.38,119,5.38,28
5.385,30,5.385,45,5.385,110,5.385,20
5.39,32,5.39,53,5.39,104,5.39,31
5.395,34,5.395,51,5.395,122,5.395,23
5.4,32,5.4,56,5.4,115,5.4,21
5.405,21,5.405,46,5.405,102,5.405,30
5.41,24,5.41,59,5.41,94,5.41,31
5.415,22,5.415,55,5.415,110,5.415,30
5.42,38,5.42,51,5.42,110,5.42,20
5.425,25,5.425,58,5.425,101,5.425,29
5.43,31,5.43,64,5.43,107,5.43,25
5.435,31,5.435,61,5.435,124,5.435,28
5.44,30,5.44,61,5.44,125,5.44,31
5.445,37,5.445,58,5.445,119,5.445,31
5.45,31,5.45,60,5.45,126,5.45,21
5.455,35,5.455,55,5.455,113,5.455,28
5.46,32,5.46,51,5.46,103,5.46,36
5.465,42,5.465,66,5.465,118,5.465,21
5.47,31,5.47,61,5.47,105,5.47,31
5.475,33,5.475,71,5.475,126,5.475,24
5.48,19,5.48,67,5.48,117,5.48,23
5.485,27,5.485,70,5.485,110,5.485,32
5.49,27,5.49,65,5.49,113,5.49,44
5.495,30,5.495,69,5.495,119,5.495,28
5.5,40,5.5,63,5.5,108,5.5,26
5.505,33,5.505,59,5.505,104,5.505,22
5.51,29,5.51,64,5.51,116,5.51,31
5.515,31,5.515,48,5.515,118,5.515,28
5.52,25,5.52,57,5.52,125,5.52,36
5.525,29,5.525,74,5.525,101,5.525,28
5.53,25,5.53,55,5.53,118,5.53,42
5.535,24,5.535,55,5.535,88,5.535,20
5.54,37,5.54,69,5.54,110,5.54,21
5.545,26,5.545,68,5.545,125,5.545,26
5.55,28,5.55,57,5.55,107,5.55,24
5.555,25,5.555,57,5.555,110,5.555,31
5.56,38,5.56,58,5.56,114,5.56,32
5.565,32,5.565,61,5.565,117,5.565,27
5.57,30,5.57,50,5.57,119,5.57,29
5.575,44,5.575,60,5.575,126,5.575,20
5.58,25,5.58,53,5.58,108,5.58,35
5.585,36,5.585,57,5.585,104,5.585,37
5.59,28,5.59,58,5.59,111,5.59,30
5.595,27,5.595,48,5.595,124,5.595,37
5.6,31,5.6,72,5.6,102,5.6,33
5.605,29,5.605,69,5.605,130,5.605,42
5.61,30,5.61,74,5.61,101,5.61,28
5.615,39,5.615,51,5.615,138,5.615,28
5.62,33,5.62,68,5.62,124,5.62,37
5.625,30,5.625,62,5.625,86,5.625,38
5.63,28,5.63,60,5.63,108,5.63,29
5.635,27,5.635,62,5.635,97,5.635,38
5.64,21,5.64,47,5.64,126,5.64,33
5.645,27,5.645,65,5.645,112,5.645,44
5.65,32,5.65,61,5.65,118,5.65,41
5.655,39,5.655,55,5.655,123,5.655,28
5.66,36,5.66,65,5.66,110,5.66,31
5.665,36,5.665,53,5.665,106,5.665,32
5.67,30,5.67,58,5.67,112,5.67,49
5.675,42,5.675,57,5.675,114,5.675,41
5.68,32,5.68,55,5.68,136,5.68,43
5.685,36,5.685,61,5.685,123,5.685,37
5.69,37,5.69,43,5.69,122,5.69,39
5.695,35,5.695,54,5.695,108,5.695,41
5.7,25,5.7,55,5.7,145,5.7,47
5.705,45,5.705,60,5.705,112,5.705,42
5.71,31,5.71,62,5.71,109,5.71,48
5.715,36,5.715,46,5.715,126,5.715,44
5.72,31,5.72,32,5.72,119,5.72,39
5.725,40,5.725,42,5.725,129,5.725,39
5.73,29,5.73,48,5.73,116,5.73,31
5.735,32,5.735,51,5.735,129,5.735,43
5.74,42,5.74,66,5.74,148,5.74,33
5.745,26,5.745,39,5.745,136,5.745,50
5.75,32,5.75,62,5.75,129,5.75,29
5.755,35,5.755,48,5.755,130,5.755,51
5.76,30,5.76,57,5.76,119,5.76,47
5.765,33,5.765,54,5.765,149,5.765,37
5.77,20,5.77,51,5.77,136,5.77,38
5.775,36,5.775,60,5.775,133,5.775,44
5.78,48,5.78,52,5.78,134,5.78,46
5.785,27,5.785,50,5.785,143,5.785,47
5.79,29,5.79,52,5.79,105,5.79,37
5.795,25,5.795,47,5.795,146,5.795,57
5.8,36,5.8,42,5.8,140,5.8,45
5.805,31,5.805,46,5.805,139,5.805,51
5.81,37,5.81,50,5.81,142,5.81,42
5.815,41,5.815,49,5.815,148,5.815,47
5.82,27,5.82,43,5.82,141,5.82,60
5.825,40,5.825,64,5.825,140,5.825,44
5.83,24,5.83,53,5.83,138,5.83,46
5.835,37,5.835,50,5.835,135,5.835,64
5.84,31,5.84,53,5.84,166,5.84,55
5.845,34,5.845,63,5.845,159,5.845,44
5.85,35,5.85,63,5.85,157,5.85,57
5.855,41,5.855,49,5.855,163,5.855,65
5.86,34,5.86,62,5.86,151,5.86,50
5.865,37,5.865,55,5.865,156,5.865,49
5.87,29,5.87,44,5.87,181,5.87,56
5.875,34,5.875,56,5.875,146,5.875,54
5.88,35,5.88,53,5.88,151,5.88,52
5.885,31,5.885,54,5.885,152,5.885,52
5.89,35,5.89,61,5.89,149,5.89,50
5.895,33,5.895,61,5.895,148,5.895,66
5.9,30,5.9,61,5.9,163,5.9,72
5.905,41,5.905,65,5.905,148,5.905,56
5.91,41,5.91,65,5.91,158,5.91,59
5.915,38,5.915,70,5.915,164,5.915,71
5.92,34,5.92,52,5.92,146,5.92,73
5.925,42,5.925,63,5.925,155,5.925,58
5.93,32,5.93,68,5.93,169,5.93,69
5.935,26,5.935,66,5.935,179,5.935,64
5.94,29,5.94,60,5.94,169,5.94,69
5.945,38,5.945,62,5.945,166,5.945,69
5.95,50,5.95,63,5.95,171,5.95,76
5.955,35,5.955,67,5.955,172,5.955,56
5.96,26,5.96,65,5.96,174,5.96,70
5.965,43,5.965,77,5.965,158,5.965,79
5.97,44,5.97,67,5.97,194,5.97,70
5.975,38,5.975,52,5.975,164,5.975,47
5.98,28,5.98,66,5.98,167,5.98,57
5.985,29,5.985,75,5.985,168,5.985,87
5.99,35,5.99,56,5.99,183,5.99,62
5.995,37,5.995,72,5.995,178,5.995,82
6,41,6,61,6,170,6,68
6.005,34,6.005,71,6.005,183,6.005,73
6.01,41,6.01,58,6.01,195,6.01,95
6.015,44,6.015,68,6.015,197,6.015,78
6.02,41,6.02,53,6.02,174,6.02,93
6.025,42,6.025,68,6.025,213,6.025,96
6.03,37,6.03,78,6.03,178,6.03,76
6.035,40,6.035,69,6.035,184,6.035,79
6.04,35,6.04,75,6.04,192,6.04,85
6.045,36,6.045,78,6.045,196,6.045,71
6.05,40,6.05,78,6.05,189,6.05,94
6.055,34,6.055,77,6.055,195,6.055,99
6.06,48,6.06,62,6.06,179,6.06,89
6.065,41,6.065,65,6.065,198,6.065,88
6.07,29,6.07,88,6.07,187,6.07,108
6.075,41,6.075,95,6.075,190,6.075,88
6.08,43,6.08,69,6.08,215,6.08,76
6.085,47,6.085,79,6.085,188,6.085,91
6.09,37,6.09,87,6.09,214,6.09,95
6.095,40,6.095,85,6.095,210,6.095,106
6.1,57,6.1,74,6.1,214,6.1,99
6.105,43,6.105,85,6.105,200,6.105,98
6.11,41,6.11,72,6.11,230,6.11,94
6.115,44,6.115,73,6.115,222,6.115,95
6.12,38,6.12,91,6.12,234,6.12,99
6.125,40,6.125,66,6.125,229,6.125,96
6.13,42,6.13,90,6.13,206,6.13,116
6.135,39,6.135,65,6.135,240,6.135,113
6.14,47,6.14,87,6.14,230,6.14,132
6.145,36,6.145,67,6.145,232,6.145,97
6.15,38,6.15,74,6.15,228,6.15,89
6.155,41,6.155,87,6.155,207,6.155,120
6.16,35,6.16,62,6.16,242,6.16,116
6.165,50,6.165,76,6.165,236,6.165,120
6.17,35,6.17,82,6.17,252,6.17,115
6.175,53,6.175,83,6.175,243,6.175,89
6.18,35,6.18,86,6.18,226,6.18,132
6.185,42,6.185,66,6.185,225,6.185,113
6.19,49,6.19,69,6.19,239,6.19,121
6.195,50,6.195,63,6.195,275,6.195,122
6.2,43,6.2,67,6.2,237,6.2,118
6.205,37,6.205,77,6.205,238,6.205,109
6.21,45,6.21,70,6.21,212,6.21,144
6.215,42,6.215,61,6.215,248,6.215,136
6.22,53,6.22,95,6.22,240,6.22,145
6.225,48,6.225,65,6.225,246,6.225,123
6.23,42,6.23,61,6.23,248,6.23,129
6.235,44,6.235,75,6.235,259,6.235,129
6.24,51,6.24,54,6.24,261,6.24,131
6.245,50,6.245,63,6.245,291,6.245,139
6.25,49,6.25,50,6.25,271,6.25,129
6.255,48,6.255,68,6.255,289,6.255,147
6.26,35,6.26,66,6.26,275,6.26,137
6.265,46,6.265,44,6.265,255,6.265,137
6.27,38,6.27,60,6.27,291,6.27,112
6.275,52,6.275,60,6.275,273,6.275,124
6.28,46,6.28,63,6.28,285,6.28,116
6.285,41,6.285,67,6.285,260,6.285,134
6.29,47,6.29,61,6.29,282,6.29,119
6.295,53,6.295,66,6.295,280,6.295,120
6.3,37,6.3,77,6.3,301,6.3,134
6.305,50,6.305,68,6.305,283,6.305,135
6.31,28,6.31,69,6.31,294,6.31,133
6.315,64,6.315,65,6.315,298,6.315,145
6.32,50,6.32,72,6.32,291,6.32,154
6.325,48,6.325,77,6.325,279,6.325,153
6.33,57,6.33,72,6.33,291,6.33,119
6.335,41,6.335,71,6.335,297,6.335,159
6.34,43,6.34,69,6.34,312,6.34,138
6.345,51,6.345,60,6.345,304,6.345,138
6.35,47,6.35,66,6.35,273,6.35,130
6.355,38,6.355,58,6.355,302,6.355,156
6.36,51,6.36,67,6.36,341,6.36,152
6.365,47,6.365,68,6.365,318,6.365,175
6.37,53,6.37,67,6.37,326,6.37,155
6.375,41,6.375,74,6.375,324,6.375,135
6.38,40,6.38,65,6.38,315,6.38,142
6.385,48,6.385,69,6.385,300,6.385,144
6.39,37,6.39,64,6.39,315,6.39,142
6.395,49,6.395,77,6.395,296,6.395,148
6.4,36,6.4,61,6.4,314,6.4,190
6.405,56,6.405,89,6.405,325,6.405,161
6.41,58,6.41,80,6.41,337,6.41,158
6.415,54,6.415,65,6.415,340,6.415,168
6.42,51,6.42,77,6.42,314,6.42,172
6.425,56,6.425,80,6.425,364,6.425,157
6.43,53,6.43,68,6.43,338,6.43,174
6.435,52,6.435,73,6.435,311,6.435,172
6.44,54,6.44,78,6.44,326,6.44,152
6.445,46,6.445,72,6.445,349,6.445,161
6.45,45,6.45,78,6.45,308,6.45,165
6.455,38,6.455,96,6.455,336,6.455,171
6.46,47,6.46,75,6.46,345,6.46,181
6.465,49,6.465,79,6.465,343,6.465,191
6.47,54,6.47,90,6.47,300,6.47,182
6.475,49,6.475,93,6.475,359,6.475,178
6.48,54,6.48,80,6.48,366,6.48,160
6.485,39,6.485,73,6.485,371,6.485,163
6.49,39,6.49,80,6.49,351,6.49,170
6.495,44,6.495,70,6.495,343,6.495,218
6.5,49,6.5,81,6.5,372,6.5,218
6.505,69,6.505,78,6.505,400,6.505,172
6.51,53,6.51,87,6.51,411,6.51,193
6.515,43,6.515,90,6.515,412,6.515,179
6.52,45,6.52,103,6.52,331,6.52,177
6.525,46,6.525,98,6.525,365,6.525,199
6.53,42,6.53,85,6.53,363,6.53,212
6.535,54,6.535,99,6.535,346,6.535,203
6.54,57,6.54,81,6.54,347,6.54,207
6.545,59,6.545,93,6.545,378,6.545,203
6.55,45,6.55,87,6.55,402,6.55,192
6.555,50,6.555,94,6.555,431,6.555,200
6.56,43,6.56,112,6.56,378,6.56,213
6.565,44,6.565,110,6.565,378,6.565,209
6.57,38,6.57,96,6.57,407,6.57,194
6.575,44,6.575,100,6.575,414,6.575,249
6.58,47,6.58,111,6.58,421,6.58,222
6.585,51,6.585,99,6.585,454,6.585,220
6.59,57,6.59,93,6.59,423,6.59,258
6.595,57,6.595,98,6.595,452,6.595,237
6.6,69,6.6,101,6.6,462,6.6,252
6.605,73,6.605,116,6.605,496,6.605,236
6.61,55,6.61,112,6.61,444,6.61,260
6.615,60,6.615,102,6.615,480,6.615,235
6.62,49,6.62,112,6.62,469,6.62,243
6.625,66,6.625,106,6.625,467,6.625,229
6.63,51,6.63,114,6.63,463,6.63,257
6.635,46,6.635,111,6.635,488,6.635,268
6.64,57,6.64,90,6.64,500,6.64,229
6.645,44,6.645,104,6.645,536,6.645,253
6.65,48,6.65,96,6.65,539,6.65,286
6.655,49,6.655,124,6.655,501,6.655,279
6.66,52,6.66,120,6.66,519,6.66,287
6.665,45,6.665,116,6.665,515,6.665,294
6.67,56,6.67,132,6.67,555,6.67,293
6.675,68,6.675,90,6.675,563,6.675,299
6.68,49,6.68,120,6.68,599,6.68,282
6.685,59,6.685,98,6.685,591,6.685,277
6.69,61,6.69,91,6.69,548,6.69,278
6.695,62,6.695,95,6.695,553,6.695,289
6.7,70,6.7,106,6.7,609,6.7,294
6.705,68,6.705,107,6.705,533,6.705,315
6.71,72,6.71,99,6.71,561,6.71,279
6.715,61,6.715,103,6.715,580,6.715,313
6.72,70,6.72,124,6.72,603,6.72,313
6.725,64,6.725,130,6.725,624,6.725,322
6.73,54,6.73,89,6.73,604,6.73,352
6.735,54,6.735,114,6.735,694,6.735,345
6.74,59,6.74,99,6.74,710,6.74,361
6.745,45,6.745,108,6.745,655,6.745,368
6.75,52,6.75,120,6.75,658,6.75,379
6.755,56,6.755,117,6.755,741,6.755,373
6.76,66,6.76,111,6.76,667,6.76,388
6.765,49,6.765,107,6.765,752,6.765,394
6.77,46,6.77,107,6.77,710,6.77,356
6.775,61,6.775,116,6.775,726,6.775,390
6.78,64,6.78,128,6.78,762,6.78,445
6.785,58,6.785,127,6.785,662,6.785,429
6.79,71,6.79,103,6.79,702,6.79,422
6.795,59,6.795,113,6.795,745,6.795,392
6.8,58,6.8,121,6.8,779,6.8,479
6.805,65,6.805,137,6.805,760,6.805,474
6.81,67,6.81,121,6.81,764,6.81,453
6.815,64,6.815,100,6.815,860,6.815,472
6.82,76,6.82,148,6.82,863,6.82,459
6.825,76,6.825,133,6.825,899,6.825,513
6.83,59,6.83,137,6.83,929,6.83,468
6.835,70,6.835,145,6.835,979,6.835,509
6.84,44,6.84,124,6.84,975,6.84,532
6.845,54,6.845,132,6.845,996,6.845,534
6.85,42,6.85,127,6.85,923,6.85,574
6.855,47,6.855,135,6.855,963,6.855,526
6.86,46,6.86,141,6.86,996,6.86,583
6.865,53,6.865,153,6.865,985,6.865,588
6.87,66,6.87,113,6.87,1008,6.87,677
6.875,68,6.875,132,6.875,1016,6.875,616
6.88,53,6.88,156,6.88,1039,6.88,682
6.885,58,6.885,146,6.885,1052,6.885,706
6.89,66,6.89,158,6.89,1044,6.89,707
6.895,83,6.895,142,6.895,1154,6.895,778
6.9,90,6.9,151,6.9,1202,6.9,766
6.905,82,6.905,166,6.905,1225,6.905,824
6.91,93,6.91,183,6.91,1302,6.91,794
6.915,76,6.915,158,6.915,1226,6.915,847
6.92,72,6.92,168,6.92,1397,6.92,886
6.925,74,6.925,167,6.925,1357,6.925,897
6.93,62,6.93,163,6.93,1376,6.93,963
6.935,70,6.935,150,6.935,1468,6.935,973
6.94,73,6.94,142,6.94,1349,6.94,1063
6.945,84,6.945,173,6.945,1375,6.945,1032
6.95,67,6.95,154,6.95,1337,6.95,1125
6.955,61,6.955,162,6.955,1373,6.955,1160
6.96,49,6.96,182,6.96,1339,6.96,1242
6.965,49,6.965,162,6.965,1388,6.965,1286
6.97,63,6.97,181,6.97,1389,6.97,1365
6.975,89,6.975,194,6.975,1544,6.975,1411
6.98,57,6.98,184,6.98,1576,6.98,1481
6.985,97,6.985,221,6.985,1678,6.985,1574
6.99,75,6.99,193,6.99,1769,6.99,1598
6.995,83,6.995,210,6.995,1847,6.995,1704
7,93,7,191,7,1961,7,1844
7.005,103,7.005,218,7.005,1932,7.005,1911
7.01,84,7.01,172,7.01,2011,7.01,2081
7.015,92,7.015,207,7.015,2030,7.015,2146
7.02,95,7.02,180,7.02,1990,7.02,2248
7.025,90,7.025,206,7.025,2017,7.025,2319
7.03,96,7.03,189,7.03,1942,7.03,2516
7.035,91,7.035,209,7.035,2020,7.035,2678
7.04,73,7.04,222,7.04,1913,7.04,2817
7.045,64,7.045,227,7.045,1943,7.045,2880
7.05,73,7.05,223,7.05,2100,7.05,3106
7.055,71,7.055,231,7.055,2019,7.055,3184
7.06,57,7.06,232,7.06,2149,7.06,3391
7.065,70,7.065,204,7.065,2179,7.065,3507
7.07,65,7.07,244,7.07,2391,7.07,3698
7.075,92,7.075,256,7.075,2322,7.075,3741
7.08,81,7.08,255,7.08,2623,7.08,3820
7.085,87,7.085,246,7.085,2810,7.085,3965
7.09,96,7.09,268,7.09,2860,7.09,3926
7.095,99,7.095,282,7.095,2922,7.095,4175
7.1,101,7.1,261,7.1,2955,7.1,4092
7.105,97,7.105,240,7.105,2949,7.105,4027
7.11,95,7.11,268,7.11,2846,7.11,4201
7.115,91,7.115,249,7.115,2851,7.115,4026
7.12,119,7.12,261,7.12,2698,7.12,4020
7.125,109,7.125,253,7.125,2733,7.125,3875
7.13,127,7.13,286,7.13,2778,7.13,3881
7.135,107,7.135,264,7.135,2655,7.135,3751
7.14,93,7.14,293,7.14,2593,7.14,3542
7.145,95,7.145,266,7.145,2762,7.145,3355
7.15,84,7.15,290,7.15,2939,7.15,3323
7.155,82,7.155,339,7.155,2946,7.155,3132
7.16,65,7.16,308,7.16,3184,7.16,2937
7.165,76,7.165,316,7.165,3492,7.165,2736
7.17,88,7.17,331,7.17,3649,7.17,2560
7.175,93,7.175,315,7.175,3819,7.175,2326
7.18,92,7.18,335,7.18,4147,7.18,2304
7.185,114,7.185,311,7.185,4049,7.185,2160
7.19,95,7.19,317,7.19,4265,7.19,1944
7.195,111,7.195,295,7.195,4093,7.195,1766
7.2,126,7.2,311,7.2,3995,7.2,1589
7.205,152,7.205,295,7.205,3979,7.205,1494
7.21,143,7.21,326,7.21,3757,7.21,1331
7.215,148,7.215,332,7.215,3698,7.215,1226
7.22,150,7.22,347,7.22,3489,7.22,1175
7.225,141,7.225,310,7.225,3492,7.225,1034
7.23,155,7.23,378,7.23,3369,7.23,907
7.235,144,7.235,398,7.235,3452,7.235,846
7.24,111,7.24,396,7.24,3572,7.24,803
7.245,119,7.245,438,7.245,3846,7.245,698
7.25,104,7.25,413,7.25,4118,7.25,620
7.255,93,7.255,422,7.255,4371,7.255,548
7.26,80,7.26,404,7.26,4834,7.26,507
7.265,71,7.265,423,7.265,5053,7.265,502
7.27,90,7.27,453,7.27,5423,7.27,488
7.275,93,7.275,428,7.275,5639,7.275,385
7.28,104,7.28,382,7.28,5693,7.28,392
7.285,125,7.285,400,7.285,5711,7.285,333
7.29,144,7.29,400,7.29,5618,7.29,320
7.295,149,7.295,398,7.295,5435,7.295,279
7.3,158,7.3,389,7.3,5183,7.3,275
7.305,194,7.305,414,7.305,4910,7.305,255
7.31,207,7.31,505,7.31,4481,7.31,241
7.315,187,7.315,481,7.315,4302,7.315,201
7.32,177,7.32,501,7.32,4072,7.32,194
7.325,194,7.325,551,7.325,4004,7.325,176
7.33,188,7.33,578,7.33,4105,7.33,181
7.335,162,7.335,607,7.335,4341,7.335,142
7.34,161,7.34,650,7.34,4576,7.34,170
7.345,156,7.345,627,7.345,5004,7.345,117
7.35,171,7.35,666,7.35,5518,7.35,134
7.355,129,7.355,607,7.355,6105,7.355,138
7.36,121,7.36,602,7.36,6578,7.36,118
7.365,124,7.365,624,7.365,7326,7.365,114
7.37,108,7.37,564,7.37,7575,7.37,90
7.375,125,7.375,575,7.375,7841,7.375,88
7.38,165,7.38,538,7.38,7947,7.38,92
7.385,179,7.385,627,7.385,8055,7.385,79
7.39,214,7.39,716,7.39,7784,7.39,78
7.395,221,7.395,714,7.395,7370,7.395,68
7.4,252,7.4,748,7.4,6894,7.4,69
7.405,286,7.405,926,7.405,6469,7.405,59
7.41,277,7.41,935,7.41,5931,7.41,56
7.415,342,7.415,1030,7.415,5578,7.415,58
7.42,388,7.42,1109,7.42,5026,7.42,73
7.425,358,7.425,1156,7.425,4809,7.425,60
7.43,373,7.43,1289,7.43,4869,7.43,55
7.435,341,7.435,1232,7.435,5000,7.435,48
7.44,339,7.44,1318,7.44,5570,7.44,53
7.445,337,7.445,1276,7.445,6529,7.445,55
7.45,262,7.45,1252,7.45,7529,7.45,33
7.455,234,7.455,1236,7.455,8868,7.455,37
7.46,236,7.46,1296,7.46,10786,7.46,36
7.465,259,7.465,1377,7.465,12022,7.465,44
7.47,255,7.47,1484,7.47,13886,7.47,38
7.475,283,7.475,1712,7.475,15685,7.475,47
7.48,362,7.48,1858,7.48,17310,7.48,39
7.485,464,7.485,2355,7.485,19047,7.485,44
7.49,556,7.49,2936,7.49,20359,7.49,35
7.495,734,7.495,3505,7.495,21376,7.495,30
7.5,867,7.5,4309,7.5,22560,7.5,32
7.505,1074,7.505,5068,7.505,22938,7.505,46
7.51,1306,7.51,5933,7.51,23222,7.51,48
7.515,1614,7.515,7027,7.515,23383,7.515,28
7.52,1807,7.52,7892,7.52,22888,7.52,31
7.525,2132,7.525,8765,7.525,22436,7.525,28
7.53,2299,7.53,9632,7.53,21405,7.53,26
7.535,2526,7.535,10600,7.535,20638,7.535,33
7.54,2821,7.54,11160,7.54,19343,7.54,30
7.545,2990,7.545,11795,7.545,18212,7.545,36
7.55,3104,7.55,12082,7.55,16676,7.55,33
7.555,3238,7.555,12111,7.555,15418,7.555,24
7.56,3268,7.56,12178,7.56,13765,7.56,34
7.565,3251,7.565,11660,7.565,12387,7.565,27
7.57,3273,7.57,11499,7.57,11050,7.57,26
7.575,3219,7.575,11162,7.575,9847,7.575,27
7.58,3112,7.58,10382,7.58,8578,7.58,35
7.585,2993,7.585,9599,7.585,7457,7.585,28
7.59,2799,7.59,8594,7.59,6297,7.59,36
7.595,2557,7.595,7717,7.595,5212,7.595,36
7.6,2364,7.6,6713,7.6,4457,7.6,32
7.605,2187,7.605,5940,7.605,3652,7.605,30
7.61,1955,7.61,4978,7.61,2991,7.61,27
7.615,1689,7.615,4232,7.615,2390,7.615,29
7.62,1462,7.62,3563,7.62,1969,7.62,25
7.625,1288,7.625,2882,7.625,1511,7.625,26
7.63,1027,7.63,2213,7.63,1139,7.63,26
7.635,903,7.635,1649,7.635,971,7.635,15
7.64,683,7.64,1287,7.64,775,7.64,28
7.645,626,7.645,997,7.645,625,7.645,31
7.65,444,7.65,796,7.65,505,7.65,33
7.655,390,7.655,608,7.655,448,7.655,36
7.66,271,7.66,477,7.66,389,7.66,26
7.665,219,7.665,400,7.665,359,7.665,16
7.67,184,7.67,323,7.67,338,7.67,21
7.675,142,7.675,276,7.675,316,7.675,16
7.68,94,7.68,300,7.68,270,7.68,22
7.685,86,7.685,275,7.685,270,7.685,27
7.69,75,7.69,264,7.69,306,7.69,23
7.695,67,7.695,179,7.695,244,7.695,21
7.7,92,7.7,208,7.7,237,7.7,17
7.705,68,7.705,187,7.705,214,7.705,20
7.71,62,7.71,176,7.71,211,7.71,21
7.715,66,7.715,130,7.715,204,7.715,21
7.72,47,7.72,135,7.72,174,7.72,13
7.725,56,7.725,115,7.725,171,7.725,20
7.73,55,7.73,101,7.73,181,7.73,17
7.735,51,7.735,101,7.735,157,7.735,20
7.74,51,7.74,93,7.74,176,7.74,20
7.745,40,7.745,101,7.745,144,7.745,23
7.75,39,7.75,90,7.75,153,7.75,20
7.755,58,7.755,81,7.755,165,7.755,25
7.76,32,7.76,75,7.76,158,7.76,22
7.765,30,7.765,74,7.765,155,7.765,20
7.77,28,7.77,80,7.77,147,7.77,24
7.775,23,7.775,76,7.775,132,7.775,18
7.78,23,7.78,81,7.78,125,7.78,25
7.785,28,7.785,65,7.785,129,7.785,20
7.79,33,7.79,50,7.79,140,7.79,20
7.795,19,7.795,62,7.795,122,7.795,17
7.8,20,7.8,60,7.8,137,7.8,21
7.805,24,7.805,37,7.805,112,7.805,18
7.81,24,7.81,60,7.81,112,7.81,16
7.815,25,7.815,39,7.815,112,7.815,17
7.82,23,7.82,41,7.82,108,7.82,27
7.825,19,7.825,39,7.825,106,7.825,24
7.83,28,7.83,48,7.83,130,7.83,18
7.835,22,7.835,32,7.835,109,7.835,14
7.84,31,7.84,54,7.84,109,7.84,21
7.845,17,7.845,41,7.845,96,7.845,27
7.85,22,7.85,39,7.85,117,7.85,21
7.855,23,7.855,43,7.855,105,7.855,17
7.86,22,7.86,33,7.86,95,7.86,17
7.865,21,7.865,41,7.865,98,7.865,12
7.87,19,7.87,50,7.87,90,7.87,9
7.875,14,7.875,35,7.875,76,7.875,16
7.88,19,7.88,31,7.88,107,7.88,18
7.885,9,7.885,41,7.885,90,7.885,24
7.89,17,7.89,40,7.89,77,7.89,18
7.895,17,7.895,31,7.895,75,7.895,12
7.9,17,7.9,23,7.9,82,7.9,12
7.905,20,7.905,29,7.905,74,7.905,22
7.91,20,7.91,35,7.91,77,7.91,13
7.915,9,7.915,43,7.915,89,7.915,19
7.92,22,7.92,37,7.92,75,7.92,18
7.925,20,7.925,34,7.925,75,7.925,14
7.93,32,7.93,36,7.93,61,7.93,15
7.935,7,7.935,30,7.935,91,7.935,15
7.94,13,7.94,35,7.94,71,7.94,14
7.945,13,7.945,26,7.945,80,7.945,20
7.95,13,7.95,21,7.95,70,7.95,23
7.955,20,7.955,30,7.955,70,7.955,17
7.96,17,7.96,26,7.96,77,7.96,18
7.965,12,7.965,28,7.965,66,7.965,16
7.97,15,7.97,21,7.97,91,7.97,14
7.975,11,7.975,32,7.975,59,7.975,23
7.98,7,7.98,34,7.98,75,7.98,15
7.985,17,7.985,27,7.985,61,7.985,10
7.99,9,7.99,24,7.99,74,7.99,20
7.995,13,7.995,29,7.995,69,7.995,17
8,9,8,23,8,52,8,20
8.005,3,8.005,28,8.005,51,8.005,14
8.01,5,8.01,28,8.01,46,8.01,17
8.015,12,8.015,30,8.015,49,8.015,14
8.02,17,8.02,34,8.02,60,8.02,18
8.025,17,8.025,36,8.025,58,8.025,14
8.03,18,8.03,25,8.03,54,8.03,12
8.035,10,8.035,31,8.035,43,8.035,14
8.04,11,8.04,24,8.04,52,8.04,21
8.045,15,8.045,20,8.045,49,8.045,8
8.05,19,8.05,19,8.05,45,8.05,9
8.055,15,8.055,11,8.055,60,8.055,19
8.06,16,8.06,10,8.06,60,8.06,16
8.065,8,8.065,28,8.065,44,8.065,19
8.07,9,8.07,24,8.07,62,8.07,16
8.075,16,8.075,16,8.075,64,8.075,16
8.08,19,8.08,16,8.08,41,8.08,11
8.085,10,8.085,22,8.085,55,8.085,15
8.09,19,8.09,20,8.09,48,8.09,12
8.095,16,8.095,18,8.095,53,8.095,10
8.1,17,8.1,19,8.1,44,8.1,15
8.105,12,8.105,20,8.105,39,8.105,21
8.11,9,8.11,27,8.11,40,8.11,14
8.115,14,8.115,16,8.115,41,8.115,15
8.12,13,8.12,16,8.12,46,8.12,10
8.125,13,8.125,28,8.125,31,8.125,12
8.13,14,8.13,18,8.13,32,8.13,16
8.135,12,8.135,12,8.135,46,8.135,19
8.14,13,8.14,19,8.14,44,8.14,11
8.145,15,8.145,31,8.145,38,8.145,12
8.15,17,8.15,21,8.15,36,8.15,13
8.155,17,8.155,16,8.155,37,8.155,13
8.16,10,8.16,26,8.16,32,8.16,21
8.165,9,8.165,23,8.165,42,8.165,16
8.17,14,8.17,29,8.17,47,8.17,9
8.175,16,8.175,22,8.175,39,8.175,14
8.18,12,8.18,18,8.18,42,8.18,9
8.185,3,8.185,15,8.185,42,8.185,16
8.19,12,8.19,9,8.19,35,8.19,7
8.195,12,8.195,11,8.195,45,8.195,12
8.2,13,8.2,12,8.2,38,8.2,12
8.205,8,8.205,7,8.205,36,8.205,16
8.21,14,8.21,21,8.21,50,8.21,13
8.215,8,8.215,19,8.215,46,8.215,11
8.22,15,8.22,14,8.22,40,8.22,9
8.225,11,8.225,19,8.225,40,8.225,10
8.23,13,8.23,18,8.23,35,8.23,13
8.235,6,8.235,16,8.235,36,8.235,13
8.24,15,8.24,11,8.24,46,8.24,15
8.245,13,8.245,19,8.245,37,8.245,10
8.25,14,8.25,19,8.25,32,8.25,13
8.255,11,8.255,17,8.255,38,8.255,12
8.26,11,8.26,14,8.26,29,8.26,17
8.265,8,8.265,9,8.265,37,8.265,18
8.27,9,8.27,11,8.27,37,8.27,15
8.275,10,8.275,19,8.275,37,8.275,11
8.28,11,8.28,14,8.28,33,8.28,10
8.285,8,8.285,9,8.285,27,8.285,21
8.29,12,8.29,18,8.29,25,8.29,18
8.295,13,8.295,14,8.295,36,8.295,12
8.3,8,8.3,21,8.3,46,8.3,10
8.305,12,8.305,9,8.305,30,8.305,14
8.31,14,8.31,13,8.31,42,8.31,12
8.315,15,8.315,12,8.315,31,8.315,12
8.32,17,8.32,13,8.32,32,8.32,17
8.325,10,8.325,21,8.325,27,8.325,10
8.33,12,8.33,21,8.33,30,8.33,22
8.335,12,8.335,12,8.335,34,8.335,15
8.34,7,8.34,17,8.34,34,8.34,12
8.345,8,8.345,11,8.345,33,8.345,10
8.35,9,8.35,13,8.35,22,8.35,11
8.355,8,8.355,15,8.355,37,8.355,10
8.36,6,8.36,11,8.36,31,8.36,12
8.365,11,8.365,14,8.365,27,8.365,21
8.37,5,8.37,13,8.37,28,8.37,9
8.375,9,8.375,19,8.375,31,8.375,14
8.38,7,8.38,10,8.38,36,8.38,12
8.385,5,8.385,15,8.385,29,8.385,11
8.39,3,8.39,16,8.39,51,8.39,7
8.395,8,8.395,19,8.395,37,8.395,10
8.4,12,8.4,20,8.4,30,8.4,12
8.405,8,8.405,17,8.405,35,8.405,10
8.41,10,8.41,11,8.41,23,8.41,11
8.415,11,8.415,9,8.415,25,8.415,17
8.42,12,8.42,11,8.42,43,8.42,12
8.425,10,8.425,10,8.425,43,8.425,11
8.43,10,8.43,10,8.43,37,8.43,10
8.435,8,8.435,16,8.435,22,8.435,13
8.44,9,8.44,17,8.44,35,8.44,12
8.445,16,8.445,8,8.445,28,8.445,15
8.45,12,8.45,13,8.45,31,8.45,15
8.455,13,8.455,8,8.455,31,8.455,18
8.46,12,8.46,13,8.46,34,8.46,11
8.465,7,8.465,9,8.465,26,8.465,14
8.47,10,8.47,10,8.47,23,8.47,9
8.475,10,8.475,15,8.475,30,8.475,11
8.48,9,8.48,9,8.48,29,8.48,9
8.485,5,8.485,10,8.485,28,8.485,23
8.49,13,8.49,15,8.49,31,8.49,12
8.495,14,8.495,16,8.495,30,8.495,13
8.5,5,8.5,13,8.5,43,8.5,14
8.505,9,8.505,20,8.505,29,8.505,17
8.51,6,8.51,14,8.51,20,8.51,15
8.515,10,8.515,18,8.515,24,8.515,17
8.52,7,8.52,15,8.52,33,8.52,19
8.525,6,8.525,8,8.525,28,8.525,26
8.53,18,8.53,9,8.53,26,8.53,10
8.535,13,8.535,9,8.535,20,8.535,12
8.54,11,8.54,14,8.54,31,8.54,16
8.545,15,8.545,20,8.545,45,8.545,17
8.55,9,8.55,19,8.55,38,8.55,9
8.555,9,8.555,8,8.555,37,8.555,13
8.56,12,8.56,11,8.56,30,8.56,15
8.565,11,8.565,6,8.565,27,8.565,12
8.57,5,8.57,15,8.57,27,8.57,20
8.575,10,8.575,9,8.575,25,8.575,19
8.58,9,8.58,5,8.58,27,8.58,11
8.585,12,8.585,8,8.585,38,8.585,15
8.59,8,8.59,18,8.59,24,8.59,9
8.595,6,8.595,12,8.595,24,8.595,16
8.6,13,8.6,10,8.6,37,8.6,13
8.605,13,8.605,5,8.605,24,8.605,17
8.61,9,8.61,6,8.61,27,8.61,14
8.615,11,8.615,13,8.615,23,8.615,21
8.62,13,8.62,10,8.62,24,8.62,14
8.625,8,8.625,9,8.625,31,8.625,14
8.63,6,8.63,7,8.63,33,8.63,21
8.635,4,8.635,16,8.635,28,8.635,10
8.64,9,8.64,13,8.64,41,8.64,13
8.645,6,8.645,9,8.645,21,8.645,15
8.65,9,8.65,5,8.65,23,8.65,14
8.655,11,8.655,9,8.655,24,8.655,19
8.66,13,8.66,14,8.66,30,8.66,18
8.665,10,8.665,11,8.665,21,8.665,17
8.67,9,8.67,19,8.67,26,8.67,13
8.675,10,8.675,14,8.675,31,8.675,6
8.68,20,8.68,13,8.68,15,8.68,19
8.685,7,8.685,7,8.685,27,8.685,14
8.69,6,8.69,4,8.69,24,8.69,19
8.695,6,8.695,8,8.695,28,8.695,13
8.7,7,8.7,12,8.7,19,8.7,17
8.705,3,8.705,13,8.705,19,8.705,7
8.71,9,8.71,7,8.71,33,8.71,10
8.715,10,8.715,17,8.715,33,8.715,14
8.72,6,8.72,9,8.72,22,8.72,12
8.725,8,8.725,10,8.725,28,8.725,11
8.73,4,8.73,13,8.73,22,8.73,6
8.735,16,8.735,7,8.735,28,8.735,7
8.74,2,8.74,12,8.74,35,8.74,16
8.745,13,8.745,16,8.745,28,8.745,13
8.75,9,8.75,10,8.75,28,8.75,8
8.755,5,8.755,13,8.755,23,8.755,14
8.76,4,8.76,6,8.76,28,8.76,17
8.765,9,8.765,11,8.765,25,8.765,16
8.77,7,8.77,16,8.77,27,8.77,16
8.775,5,8.775,12,8.775,22,8.775,17
8.78,12,8.78,11,8.78,25,8.78,17
8.785,8,8.785,9,8.785,28,8.785,16
8.79,12,8.79,14,8.79,21,8.79,17
8.795,7,8.795,17,8.795,25,8.795,20
8.8,7,8.8,10,8.8,16,8.8,13
8.805,12,8.805,10,8.805,38,8.805,17
8.81,6,8.81,6,8.81,14,8.81,12
8.815,5,8.815,13,8.815,32,8.815,10
8.82,7,8.82,11,8.82,28,8.82,17
8.825,7,8.825,10,8.825,20,8.825,19
8.83,8,8.83,12,8.83,23,8.83,15
8.835,7,8.835,12,8.835,31,8.835,11
8.84,14,8.84,8,8.84,22,8.84,18
8.845,5,8.845,8,8.845,20,8.845,10
8.85,10,8.85,14,8.85,24,8.85,8
8.855,3,8.855,14,8.855,22,8.855,13
8.86,7,8.86,10,8.86,27,8.86,10
8.865,5,8.865,14,8.865,21,8.865,10
8.87,9,8.87,10,8.87,25,8.87,21
8.875,11,8.875,11,8.875,31,8.875,7
8.88,8,8.88,7,8.88,19,8.88,10
8.885,13,8.885,10,8.885,27,8.885,12
8.89,6,8.89,12,8.89,24,8.89,8
8.895,12,8.895,8,8.895,24,8.895,16
8.9,9,8.9,11,8.9,29,8.9,12
8.905,6,8.905,8,8.905,27,8.905,13
8.91,5,8.91,9,8.91,27,8.91,14
8.915,14,8.915,10,8.915,22,8.915,9
8.92,11,8.92,10,8.92,24,8.92,11
8.925,11,8.925,10,8.925,22,8.925,15
8.93,11,8.93,9,8.93,26,8.93,14
8.935,7,8.935,13,8.935,29,8.935,7
8.94,7,8.94,11,8.94,24,8.94,21
8.945,9,8.945,16,8.945,39,8.945,11
8.95,10,8.95,16,8.95,23,8.95,12
8.955,8,8.955,13,8.955,30,8.955,16
8.96,10,8.96,6,8.96,23,8.96,17
8.965,12,8.965,10,8.965,23,8.965,13
8.97,9,8.97,8,8.97,23,8.97,13
8.975,7,8.975,17,8.975,29,8.975,14
8.98,9,8.98,10,8.98,30,8.98,9
8.985,7,8.985,4,8.985,25,8.985,19
8.99,6,8.99,12,8.99,22,8.99,11
8.995,6,8.995,5,8.995,25,8.995,9
9,10,9,10,9,20,9,10
9.005,8,9.005,17,9.005,26,9.005,16
9.01,15,9.01,13,9.01,33,9.01,8
9.015,6,9.015,7,9.015,31,9.015,9
9.02,7,9.02,5,9.02,21,9.02,12
9.025,9,9.025,11,9.025,28,9.025,23
9.03,5,9.03,7,9.03,29,9.03,8
9.035,9,9.035,14,9.035,22,9.035,12
9.04,7,9.04,15,9.04,20,9.04,9
9.045,9,9.045,13,9.045,23,9.045,14
9.05,10,9.05,6,9.05,31,9.05,13
9.055,4,9.055,9,9.055,29,9.055,15
9.06,7,9.06,9,9.06,18,9.06,16
9.065,8,9.065,8,9.065,24,9.065,11
9.07,2,9.07,10,9.07,21,9.07,13
9.075,10,9.075,11,9.075,25,9.075,16
9.08,6,9.08,7,9.08,24,9.08,13
9.085,7,9.085,6,9.085,28,9.085,15
9.09,6,9.09,9,9.09,28,9.09,8
9.095,6,9.095,12,9.095,19,9.095,17
9.1,4,9.1,10,9.1,28,9.1,13
9.105,8,9.105,7,9.105,25,9.105,22
9.11,10,9.11,16,9.11,26,9.11,7
9.115,5,9.115,11,9.115,26,9.115,10
9.12,5,9.12,7,9.12,23,9.12,16
9.125,9,9.125,7,9.125,25,9.125,16
9.13,9,9.13,10,9.13,35,9.13,7
9.135,7,9.135,15,9.135,27,9.135,10
9.14,8,9.14,9,9.14,29,9.14,13
9.145,4,9.145,11,9.145,22,9.145,7
9.15,4,9.15,5,9.15,26,9.15,18
9.155,9,9.155,11,9.155,27,9.155,18
9.16,13,9.16,12,9.16,24,9.16,13
9.165,11,9.165,9,9.165,26,9.165,17
9.17,11,9.17,11,9.17,21,9.17,12
9.175,11,9.175,13,9.175,20,9.175,7
9.18,6,9.18,15,9.18,34,9.18,9
9.185,8,9.185,12,9.185,14,9.185,16
9.19,4,9.19,7,9.19,24,9.19,13
9.195,4,9.195,11,9.195,28,9.195,13
9.2,13,9.2,11,9.2,23,9.2,10
9.205,7,9.205,10,9.205,21,9.205,15
9.21,7,9.21,12,9.21,20,9.21,15
9.215,7,9.215,7,9.215,18,9.215,14
9.22,5,9.22,7,9.22,23,9.22,12
9.225,6,9.225,14,9.225,24,9.225,10
9.23,6,9.23,5,9.23,24,9.23,19
9.235,12,9.235,8,9.235,25,9.235,19
9.24,4,9.24,6,9.24,21,9.24,21
9.245,9,9.245,8,9.245,20,9.245,7
9.25,5,9.25,9,9.25,17,9.25,8
9.255,6,9.255,6,9.255,26,9.255,9
9.26,10,9.26,9,9.26,21,9.26,17
9.265,6,9.265,11,9.265,32,9.265,14
9.27,7,9.27,7,9.27,28,9.27,20
9.275,8,9.275,9,9.275,20,9.275,12
9.28,12,9.28,10,9.28,29,9.28,19
9.285,7,9.285,8,9.285,18,9.285,13
9.29,7,9.29,15,9.29,26,9.29,21
9.295,11,9.295,11,9.295,27,9.295,12
9.3,10,9.3,10,9.3,18,9.3,25
9.305,9,9.305,12,9.305,25,9.305,11
9.31,5,9.31,10,9.31,26,9.31,16
9.315,7,9.315,8,9.315,24,9.315,12
9.32,12,9.32,13,9.32,32,9.32,8
9.325,7,9.325,8,9.325,19,9.325,16
9.33,4,9.33,14,9.33,22,9.33,15
9.335,15,9.335,8,9.335,25,9.335,19
9.34,8,9.34,10,9.34,37,9.34,9
9.345,10,9.345,14,9.345,25,9.345,18
9.35,14,9.35,12,9.35,28,9.35,16
9.355,10,9.355,9,9.355,27,9.355,10
9.36,3,9.36,7,9.36,17,9.36,7
9.365,9,9.365,8,9.365,24,9.365,17
9.37,3,9.37,6,9.37,28,9.37,15
9.375,7,9.375,8,9.375,24,9.375,13
9.38,7,9.38,8,9.38,32,9.38,14
9.385,7,9.385,4,9.385,27,9.385,17
9.39,4,9.39,7,9.39,25,9.39,15
9.395,4,9.395,11,9.395,29,9.395,15
9.4,7,9.4,9,9.4,29,9.4,7
9.405,13,9.405,10,9.405,18,9.405,13
9.41,11,9.41,11,9.41,24,9.41,11
9.415,3,9.415,6,9.415,39,9.415,10
9.42,8,9.42,5,9.42,22,9.42,12
9.425,6,9.425,13,9.425,29,9.425,15
9.43,8,9.43,11,9.43,22,9.43,19
9.435,7,9.435,14,9.435,20,9.435,14
9.44,7,9.44,9,9.44,19,9.44,22
9.445,6,9.445,10,9.445,22,9.445,13
9.45,5,9.45,10,9.45,16,9.45,10
9.455,6,9.455,12,9.455,30,9.455,18
9.46,6,9.46,12,9.46,20,9.46,16
9.465,8,9.465,10,9.465,28,9.465,9
9.47,5,9.47,15,9.47,28,9.47,10
9.475,9,9.475,4,9.475,33,9.475,14
9.48,10,9.48,9,9.48,25,9.48,19
9.485,5,9.485,10,9.485,25,9.485,16
9.49,15,9.49,12,9.49,21,9.49,13
9.495,5,9.495,8,9.495,21,9.495,14
9.5,16,9.5,18,9.5,22,9.5,14
9.505,7,9.505,10,9.505,24,9.505,18
9.51,4,9.51,9,9.51,17,9.51,14
9.515,3,9.515,11,9.515,22,9.515,12
9.52,9,9.52,11,9.52,16,9.52,12
9.525,1,9.525,7,9.525,30,9.525,21
9.53,3,9.53,9,9.53,28,9.53,17
9.535,13,9.535,16,9.535,21,9.535,17
9.54,9,9.54,11,9.54,17,9.54,11
9.545,8,9.545,14,9.545,26,9.545,11
9.55,7,9.55,5,9.55,27,9.55,16
9.555,3,9.555,11,9.555,24,9.555,17
9.56,8,9.56,9,9.56,26,9.56,16
9.565,9,9.565,8,9.565,20,9.565,8
9.57,9,9.57,11,9.57,22,9.57,13
9.575,2,9.575,9,9.575,20,9.575,10
9.58,12,9.58,11,9.58,27,9.58,22
9.585,4,9.585,14,9.585,23,9.585,16
9.59,8,9.59,18,9.59,28,9.59,13
9.595,5,9.595,10,9.595,23,9.595,14
9.6,3,9.6,10,9.6,23,9.6,17
9.605,2,9.605,8,9.605,25,9.605,12
9.61,8,9.61,11,9.61,28,9.61,17
9.615,9,9.615,14,9.615,27,9.615,9
9.62,7,9.62,6,9.62,33,9.62,13
9.625,3,9.625,3,9.625,25,9.625,13
9.63,6,9.63,8,9.63,17,9.63,12
9.635,11,9.635,10,9.635,17,9.635,10
9.64,6,9.64,3,9.64,28,9.64,10
9.645,6,9.645,16,9.645,22,9.645,19
9.65,7,9.65,8,9.65,20,9.65,17
9.655,7,9.655,8,9.655,21,9.655,16
9.66,4,9.66,4,9.66,24,9.66,8
9.665,5,9.665,8,9.665,24,9.665,12
9.67,11,9.67,8,9.67,36,9.67,15
9.675,7,9.675,6,9.675,27,9.675,18
9.68,8,9.68,14,9.68,28,9.68,15
9.685,8,9.685,9,9.685,24,9.685,15
9.69,8,9.69,16,9.69,26,9.69,13
9.695,6,9.695,4,9.695,23,9.695,17
9.7,4,9.7,8,9.7,24,9.7,19
9.705,6,9.705,3,9.705,20,9.705,21
9.71,9,9.71,12,9.71,36,9.71,14
9.715,5,9.715,11,9.715,31,9.715,16
9.72,7,9.72,11,9.72,26,9.72,16
9.725,2,9.725,11,9.725,25,9.725,16
9.73,7,9.73,9,9.73,12,9.73,21
9.735,10,9.735,7,9.735,25,9.735,11
9.74,9,9.74,10,9.74,27,9.74,9
9.745,5,9.745,9,9.745,27,9.745,20
9.75,15,9.75,11,9.75,22,9.75,17
9.755,5,9.755,10,9.755,28,9.755,17
9.76,10,9.76,9,9.76,31,9.76,9
9.765,9,9.765,10,9.765,23,9.765,7
9.77,4,9.77,18,9.77,33,9.77,12
9.775,7,9.775,11,9.775,25,9.775,11
9.78,7,9.78,15,9.78,15,9.78,8
9.785,11,9.785,6,9.785,21,9.785,14
9.79,5,9.79,14,9.79,21,9.79,12
9.795,7,9.795,8,9.795,21,9.795,14
9.8,9,9.8,12,9.8,20,9.8,14
9.805,8,9.805,9,9.805,34,9.805,21
9.81,6,9.81,15,9.81,25,9.81,13
9.815,6,9.815,11,9.815,17,9.815,11
9.82,7,9.82,13,9.82,22,9.82,14
9.825,7,9.825,11,9.825,20,9.825,14
9.83,4,9.83,5,9.83,28,9.83,10
9.835,6,9.835,6,9.835,20,9.835,15
9.84,5,9.84,10,9.84,22,9.84,9
9.845,7,9.845,12,9.845,36,9.845,14
9.85,2,9.85,16,9.85,20,9.85,12
9.855,10,9.855,10,9.855,27,9.855,16
9.86,9,9.86,10,9.86,26,9.86,20
9.865,9,9.865,10,9.865,33,9.865,9
9.87,4,9.87,11,9.87,19,9.87,19
9.875,7,9.875,6,9.875,23,9.875,13
9.88,9,9.88,12,9.88,20,9.88,13
9.885,3,9.885,15,9.885,32,9.885,18
9.89,9,9.89,7,9.89,19,9.89,17
9.895,7,9.895,14,9.895,22,9.895,23
9.9,6,9.9,4,9.9,26,9.9,19
9.905,9,9.905,9,9.905,35,9.905,14
9.91,11,9.91,4,9.91,25,9.91,12
9.915,5,9.915,12,9.915,28,9.915,23
9.92,8,9.92,7,9.92,32,9.92,13
9.925,4,9.925,9,9.925,24,9.925,9
9.93,8,9.93,10,9.93,14,9.93,19
9.935,7,9.935,3,9.935,30,9.935,14
9.94,9,9.94,4,9.94,25,9.94,13
9.945,7,9.945,8,9.945,23,9.945,16
9.95,8,9.95,9,9.95,26,9.95,15
9.955,7,9.955,9,9.955,23,9.955,17
9.96,9,9.96,10,9.96,27,9.96,19
9.965,10,9.965,5,9.965,33,9.965,18
9.97,5,9.97,4,9.97,26,9.97,15
9.975,3,9.975,9,9.975,27,9.975,10
9.98,12,9.98,11,9.98,16,9.98,18
9.985,11,9.985,6,9.985,28,9.985,14
9.99,10,9.99,6,9.99,21,9.99,11
9.995,2,9.995,8,9.995,23,9.995,20
10,6,10,11,10,22,10,22
